CHROM	POS	ID	REF	ALT	CSQ	SAMPLE	GT
1	61987	.	A	G	upstream_gene_variant|MODIFIER|OR4G11P|ENSG00000240361|ENST00000492842|transcribed_unprocessed_pseudogene|||YES||||||,upstream_gene_variant|MODIFIER|OR4F5|ENSG00000186092|ENST00000641515|protein_coding|||YES||||||,intron_variant&non_coding_transcript_variant|MODIFIER||ENSG00000290826|ENST00000642116|lncRNA|ENST00000642116.1:n.214-929A>G||||||||,intron_variant&non_coding_transcript_variant|MODIFIER||ENSG00000290826|ENST00000832531|lncRNA|ENST00000832531.1:n.353-929A>G||YES||||||	NA12878	1|0
1	61989	.	G	C	upstream_gene_variant|MODIFIER|OR4G11P|ENSG00000240361|ENST00000492842|transcribed_unprocessed_pseudogene|||YES||||||,upstream_gene_variant|MODIFIER|OR4F5|ENSG00000186092|ENST00000641515|protein_coding|||YES||||||,intron_variant&non_coding_transcript_variant|MODIFIER||ENSG00000290826|ENST00000642116|lncRNA|ENST00000642116.1:n.214-927G>C||||||||,intron_variant&non_coding_transcript_variant|MODIFIER||ENSG00000290826|ENST00000832531|lncRNA|ENST00000832531.1:n.353-927G>C||YES||||||	NA12878	1|0
1	120983	.	C	T	upstream_gene_variant|MODIFIER||ENSG00000241860|ENST00000466430|lncRNA|||||||||,intron_variant&non_coding_transcript_variant|MODIFIER||ENSG00000241860|ENST00000471248|lncRNA|ENST00000471248.1:n.119+8072G>A||||||||,intron_variant&non_coding_transcript_variant|MODIFIER||ENSG00000241860|ENST00000477740|lncRNA|ENST00000477740.5:n.164-51G>A||||||||,intron_variant&non_coding_transcript_variant|MODIFIER||ENSG00000241860|ENST00000831081|lncRNA|ENST00000831081.1:n.689-28743G>A||YES||||||,intron_variant&non_coding_transcript_variant|MODIFIER||ENSG00000241860|ENST00000831082|lncRNA|ENST00000831082.1:n.699-28743G>A||||||||,intron_variant&non_coding_transcript_variant|MODIFIER||ENSG00000241860|ENST00000831083|lncRNA|ENST00000831083.1:n.850-28743G>A||||||||,intron_variant&non_coding_transcript_variant|MODIFIER||ENSG00000241860|ENST00000831084|lncRNA|ENST00000831084.1:n.839-8179G>A||||||||,intron_variant&non_coding_transcript_variant|MODIFIER||ENSG00000241860|ENST00000831085|lncRNA|ENST00000831085.1:n.772-19653G>A||||||||,intron_variant&non_coding_transcript_variant|MODIFIER||ENSG00000241860|ENST00000831086|lncRNA|ENST00000831086.1:n.752-12021G>A||||||||,intron_variant&non_coding_transcript_variant|MODIFIER||ENSG00000241860|ENST00000831087|lncRNA|ENST00000831087.1:n.878-51G>A||||||||,intron_variant&non_coding_transcript_variant|MODIFIER||ENSG00000241860|ENST00000831088|lncRNA|ENST00000831088.1:n.784-12021G>A||||||||,intron_variant&non_coding_transcript_variant|MODIFIER||ENSG00000241860|ENST00000831089|lncRNA|ENST00000831089.1:n.752-51G>A||||||||,intron_variant&non_coding_transcript_variant|MODIFIER||ENSG00000241860|ENST00000831090|lncRNA|ENST00000831090.1:n.756-51G>A||||||||,intron_variant&non_coding_transcript_variant|MODIFIER||ENSG00000241860|ENST00000831091|lncRNA|ENST00000831091.1:n.907-51G>A||||||||,intron_variant&non_coding_transcript_variant|MODIFIER||ENSG00000241860|ENST00000831092|lncRNA|ENST00000831092.1:n.1003-51G>A||||||||,intron_variant&non_coding_transcript_variant|MODIFIER||ENSG00000241860|ENST00000831093|lncRNA|ENST00000831093.1:n.908-51G>A||||||||,intron_variant&non_coding_transcript_variant|MODIFIER||ENSG00000241860|ENST00000831094|lncRNA|ENST00000831094.1:n.672-51G>A||||||||,intron_variant&non_coding_transcript_variant|MODIFIER||ENSG00000241860|ENST00000831095|lncRNA|ENST00000831095.1:n.488-51G>A||||||||	NA12878	1|0
1	263722	.	C	G	non_coding_transcript_exon_variant|MODIFIER||ENSG00000292994|ENST00000424587|lncRNA|ENST00000424587.7:n.4896G>C||||||||,intron_variant&non_coding_transcript_variant|MODIFIER||ENSG00000292994|ENST00000441866|lncRNA|ENST00000441866.2:n.1375-4697G>C||YES||||||,intron_variant&non_coding_transcript_variant|MODIFIER||ENSG00000292994|ENST00000442116|lncRNA|ENST00000442116.1:n.130+882G>C||||||||,intron_variant&non_coding_transcript_variant|MODIFIER||ENSG00000292994|ENST00000448958|lncRNA|ENST00000448958.2:n.1053-2088G>C||||||||,upstream_gene_variant|MODIFIER||ENSG00000228463|ENST00000450734|transcribed_processed_pseudogene|||YES||||||,intron_variant&non_coding_transcript_variant|MODIFIER||ENSG00000292994|ENST00000634344|lncRNA|ENST00000634344.2:n.1052+3581G>C||||||||,upstream_gene_variant|MODIFIER||ENSG00000286448|ENST00000669836|lncRNA|||||||||,upstream_gene_variant|MODIFIER||ENSG00000286448|ENST00000784885|lncRNA|||||||||,upstream_gene_variant|MODIFIER||ENSG00000286448|ENST00000784886|lncRNA|||||||||,upstream_gene_variant|MODIFIER||ENSG00000286448|ENST00000784888|lncRNA|||||||||,upstream_gene_variant|MODIFIER||ENSG00000286448|ENST00000784889|lncRNA|||||||||,upstream_gene_variant|MODIFIER||ENSG00000286448|ENST00000784890|lncRNA|||||||||,intron_variant&non_coding_transcript_variant|MODIFIER||ENSG00000292994|ENST00000820779|lncRNA|ENST00000820779.1:n.39-2088G>C||||||||,intron_variant&non_coding_transcript_variant|MODIFIER||ENSG00000292994|ENST00000820780|lncRNA|ENST00000820780.1:n.98+2321G>C||||||||,intron_variant&non_coding_transcript_variant|MODIFIER||ENSG00000292994|ENST00000820781|lncRNA|ENST00000820781.1:n.172+1549G>C||||||||,intron_variant&non_coding_transcript_variant|MODIFIER||ENSG00000306775|ENST00000820923|lncRNA|ENST00000820923.1:n.198-684C>G||YES||||||	NA12878	0|1
1	630596	.	C	T	upstream_gene_variant|MODIFIER|MTCO1P12|ENSG00000237973|ENST00000414273|unprocessed_pseudogene|||YES||||||,upstream_gene_variant|MODIFIER|MTCO3P12|ENSG00000198744|ENST00000416718|unprocessed_pseudogene|||YES||||||,downstream_gene_variant|MODIFIER|MTND1P23|ENSG00000225972|ENST00000416931|unprocessed_pseudogene|||YES||||||,intron_variant&non_coding_transcript_variant|MODIFIER|LINC00115|ENSG00000225880|ENST00000419394|lncRNA|ENST00000419394.2:n.481-43641G>A||||||||,upstream_gene_variant|MODIFIER|MTCO2P12|ENSG00000229344|ENST00000427426|unprocessed_pseudogene|||YES||||||,intron_variant&non_coding_transcript_variant|MODIFIER||ENSG00000293331|ENST00000440196|lncRNA|ENST00000440196.3:n.87-1590G>A||YES||||||,intron_variant&non_coding_transcript_variant|MODIFIER|LINC00115|ENSG00000225880|ENST00000440200|lncRNA|ENST00000440200.5:n.170-22540G>A||||||||,intron_variant&non_coding_transcript_variant|MODIFIER||ENSG00000293331|ENST00000452176|lncRNA|ENST00000452176.2:n.20+535G>A||||||||,non_coding_transcript_exon_variant|MODIFIER|MTND2P28|ENSG00000225630|ENST00000457540|unprocessed_pseudogene|ENST00000457540.1:n.957C>T||YES||||||,upstream_gene_variant|MODIFIER|MTATP8P1|ENSG00000240409|ENST00000467115|unprocessed_pseudogene|||YES||||||,upstream_gene_variant|MODIFIER|MTATP6P1|ENSG00000248527|ENST00000514057|unprocessed_pseudogene|||YES||||||,downstream_gene_variant|MODIFIER||ENSG00000278791|ENST00000621981|miRNA|||YES||||||,intron_variant&non_coding_transcript_variant|MODIFIER|LINC00115|ENSG00000225880|ENST00000634337|lncRNA|ENST00000634337.2:n.161-22540G>A||YES||||||,intron_variant&non_coding_transcript_variant|MODIFIER|LINC00115|ENSG00000225880|ENST00000635509|lncRNA|ENST00000635509.2:n.313-29019G>A||||||||,intron_variant&non_coding_transcript_variant|MODIFIER||ENSG00000293331|ENST00000641296|lncRNA|ENST00000641296.1:n.74+535G>A||||||||,intron_variant&non_coding_transcript_variant|MODIFIER|LINC00115|ENSG00000225880|ENST00000648019|lncRNA|ENST00000648019.1:n.636-22540G>A||||||||,intron_variant&non_coding_transcript_variant|MODIFIER||ENSG00000293331|ENST00000781686|lncRNA|ENST00000781686.1:n.78+535G>A||||||||	NA12878	1|0
1	633062	.	T	C	downstream_gene_variant|MODIFIER|MTCO1P12|ENSG00000237973|ENST00000414273|unprocessed_pseudogene|||YES||||||,upstream_gene_variant|MODIFIER|MTCO3P12|ENSG00000198744|ENST00000416718|unprocessed_pseudogene|||YES||||||,downstream_gene_variant|MODIFIER|MTND1P23|ENSG00000225972|ENST00000416931|unprocessed_pseudogene|||YES||||||,intron_variant&non_coding_transcript_variant|MODIFIER|LINC00115|ENSG00000225880|ENST00000419394|lncRNA|ENST00000419394.2:n.481-46107A>G||||||||,non_coding_transcript_exon_variant|MODIFIER|MTCO2P12|ENSG00000229344|ENST00000427426|unprocessed_pseudogene|ENST00000427426.1:n.306T>C||YES||||||,non_coding_transcript_exon_variant|MODIFIER||ENSG00000293331|ENST00000440196|lncRNA|ENST00000440196.3:n.68A>G||YES||||||,intron_variant&non_coding_transcript_variant|MODIFIER|LINC00115|ENSG00000225880|ENST00000440200|lncRNA|ENST00000440200.5:n.170-25006A>G||||||||,upstream_gene_variant|MODIFIER||ENSG00000293331|ENST00000452176|lncRNA|||||||||,downstream_gene_variant|MODIFIER|MTND2P28|ENSG00000225630|ENST00000457540|unprocessed_pseudogene|||YES||||||,upstream_gene_variant|MODIFIER|MTATP8P1|ENSG00000240409|ENST00000467115|unprocessed_pseudogene|||YES||||||,upstream_gene_variant|MODIFIER|MTATP6P1|ENSG00000248527|ENST00000514057|unprocessed_pseudogene|||YES||||||,upstream_gene_variant|MODIFIER||ENSG00000278791|ENST00000621981|miRNA|||YES||||||,intron_variant&non_coding_transcript_variant|MODIFIER|LINC00115|ENSG00000225880|ENST00000634337|lncRNA|ENST00000634337.2:n.161-25006A>G||YES||||||,intron_variant&non_coding_transcript_variant|MODIFIER|LINC00115|ENSG00000225880|ENST00000635509|lncRNA|ENST00000635509.2:n.313-31485A>G||||||||,upstream_gene_variant|MODIFIER||ENSG00000293331|ENST00000641296|lncRNA|||||||||,intron_variant&non_coding_transcript_variant|MODIFIER|LINC00115|ENSG00000225880|ENST00000648019|lncRNA|ENST00000648019.1:n.636-25006A>G||||||||,upstream_gene_variant|MODIFIER||ENSG00000293331|ENST00000781686|lncRNA|||||||||	NA19240	0|1
1	790884	.	C	A	intron_variant&non_coding_transcript_variant|MODIFIER|LINC01409|ENSG00000237491|ENST00000412115|lncRNA|ENST00000412115.2:n.346+11792C>A||YES||||||,intron_variant&non_coding_transcript_variant|MODIFIER|LINC01409|ENSG00000237491|ENST00000429505|lncRNA|ENST00000429505.6:n.333+11792C>A||||||||,intron_variant&non_coding_transcript_variant|MODIFIER|LINC01409|ENSG00000237491|ENST00000443772|lncRNA|ENST00000443772.2:n.121+11792C>A||||||||,intron_variant&non_coding_transcript_variant|MODIFIER|LINC01409|ENSG00000237491|ENST00000585745|lncRNA|ENST00000585745.5:n.125-4586C>A||||||||,intron_variant&non_coding_transcript_variant|MODIFIER|LINC01409|ENSG00000237491|ENST00000585768|lncRNA|ENST00000585768.5:n.124+6391C>A||||||||,intron_variant&non_coding_transcript_variant|MODIFIER|LINC01409|ENSG00000237491|ENST00000586288|lncRNA|ENST00000586288.1:n.99-1998C>A||||||||,downstream_gene_variant|MODIFIER|LINC01409|ENSG00000237491|ENST00000586928|lncRNA|||||||||,intron_variant&non_coding_transcript_variant|MODIFIER|LINC01409|ENSG00000237491|ENST00000587530|lncRNA|ENST00000587530.5:n.124+6391C>A||||||||,intron_variant&non_coding_transcript_variant|MODIFIER|LINC01409|ENSG00000237491|ENST00000588951|lncRNA|ENST00000588951.5:n.124+6391C>A||||||||,intron_variant&non_coding_transcript_variant|MODIFIER|LINC01409|ENSG00000237491|ENST00000589531|lncRNA|ENST00000589531.5:n.124+6391C>A||||||||,intron_variant&non_coding_transcript_variant|MODIFIER|LINC01409|ENSG00000237491|ENST00000590848|lncRNA|ENST00000590848.5:n.125-1998C>A||||||||,intron_variant&non_coding_transcript_variant|MODIFIER|LINC01409|ENSG00000237491|ENST00000591440|lncRNA|ENST00000591440.5:n.124+6391C>A||||||||,downstream_gene_variant|MODIFIER|LINC01409|ENSG00000237491|ENST00000591702|lncRNA|||||||||,intron_variant&non_coding_transcript_variant|MODIFIER|LINC01409|ENSG00000237491|ENST00000593022|lncRNA|ENST00000593022.5:n.124+6391C>A||||||||,intron_variant&non_coding_transcript_variant|MODIFIER|LINC00115|ENSG00000225880|ENST00000634337|lncRNA|ENST00000634337.2:n.127+36786G>T||YES||||||,intron_variant&non_coding_transcript_variant|MODIFIER|LINC00115|ENSG00000225880|ENST00000635509|lncRNA|ENST00000635509.2:n.100+36786G>T||||||||,intron_variant&non_coding_transcript_variant|MODIFIER|LINC01409|ENSG00000237491|ENST00000651411|lncRNA|ENST00000651411.1:n.244+11792C>A||||||||,intron_variant&non_coding_transcript_variant|MODIFIER|LINC01409|ENSG00000237491|ENST00000655765|lncRNA|ENST00000655765.1:n.346+11792C>A||||||||,intron_variant&non_coding_transcript_variant|MODIFIER|LINC01409|ENSG00000237491|ENST00000656571|lncRNA|ENST00000656571.1:n.291+11792C>A||||||||,intron_variant&non_coding_transcript_variant|MODIFIER|LINC01409|ENSG00000237491|ENST00000657896|lncRNA|ENST00000657896.2:n.333+11792C>A||||||||,intron_variant&non_coding_transcript_variant|MODIFIER|LINC01409|ENSG00000237491|ENST00000658648|lncRNA|ENST00000658648.1:n.297+11792C>A||||||||,intron_variant&non_coding_transcript_variant|MODIFIER|LINC01409|ENSG00000237491|ENST00000665719|lncRNA|ENST00000665719.1:n.281+11792C>A||||||||,downstream_gene_variant|MODIFIER|LINC01409|ENSG00000237491|ENST00000665867|lncRNA|||||||||,intron_variant&non_coding_transcript_variant|MODIFIER|LINC01409|ENSG00000237491|ENST00000666217|lncRNA|ENST00000666217.1:n.281+11792C>A||||||||,intron_variant&non_coding_transcript_variant|MODIFIER|LINC01409|ENSG00000237491|ENST00000667728|lncRNA|ENST00000667728.2:n.286+11792C>A||||||||,intron_variant&non_coding_transcript_variant|MODIFIER|LINC01409|ENSG00000237491|ENST00000669749|lncRNA|ENST00000669749.2:n.321+11792C>A||||||||,intron_variant&non_coding_transcript_variant|MODIFIER|LINC01409|ENSG00000237491|ENST00000670700|lncRNA|ENST00000670700.1:n.335+11792C>A||||||||,intron_variant&non_coding_transcript_variant|MODIFIER|LINC00115|ENSG00000225880|ENST00000743821|lncRNA|ENST00000743821.1:n.113-16604G>T||||||||,intron_variant&non_coding_transcript_variant|MODIFIER|LINC00115|ENSG00000225880|ENST00000743823|lncRNA|ENST00000743823.1:n.184+14915G>T||||||||,intron_variant&non_coding_transcript_variant|MODIFIER|LINC00115|ENSG00000225880|ENST00000743824|lncRNA|ENST00000743824.1:n.75-16604G>T||||||||,intron_variant&non_coding_transcript_variant|MODIFIER|LINC00115|ENSG00000225880|ENST00000743825|lncRNA|ENST00000743825.1:n.603+14915G>T||||||||,intron_variant&non_coding_transcript_variant|MODIFIER|LINC00115|ENSG00000225880|ENST00000743826|lncRNA|ENST00000743826.1:n.530+14915G>T||||||||,intron_variant&non_coding_transcript_variant|MODIFIER|LINC00115|ENSG00000225880|ENST00000743827|lncRNA|ENST00000743827.1:n.127-16604G>T||||||||,intron_variant&non_coding_transcript_variant|MODIFIER|LINC00115|ENSG00000225880|ENST00000743828|lncRNA|ENST00000743828.1:n.248+14915G>T||||||||,intron_variant&non_coding_transcript_variant|MODIFIER|LINC00115|ENSG00000225880|ENST00000743829|lncRNA|ENST00000743829.1:n.156-16604G>T||||||||,intron_variant&non_coding_transcript_variant|MODIFIER|LINC00115|ENSG00000225880|ENST00000743830|lncRNA|ENST00000743830.1:n.204-16604G>T||||||||,intron_variant&non_coding_transcript_variant|MODIFIER|LINC00115|ENSG00000225880|ENST00000743831|lncRNA|ENST00000743831.1:n.182+14915G>T||||||||,intron_variant&non_coding_transcript_variant|MODIFIER|LINC00115|ENSG00000225880|ENST00000743832|lncRNA|ENST00000743832.1:n.454+14915G>T||||||||,intron_variant&non_coding_transcript_variant|MODIFIER|LINC00115|ENSG00000225880|ENST00000743833|lncRNA|ENST00000743833.1:n.764+14915G>T||||||||,intron_variant&non_coding_transcript_variant|MODIFIER|LINC00115|ENSG00000225880|ENST00000743834|lncRNA|ENST00000743834.1:n.287+14915G>T||||||||,intron_variant&non_coding_transcript_variant|MODIFIER|LINC00115|ENSG00000225880|ENST00000743835|lncRNA|ENST00000743835.1:n.932+905G>T||||||||,downstream_gene_variant|MODIFIER|LINC00115|ENSG00000225880|ENST00000743836|lncRNA|||||||||,downstream_gene_variant|MODIFIER|LINC00115|ENSG00000225880|ENST00000743837|lncRNA|||||||||,downstream_gene_variant|MODIFIER|LINC00115|ENSG00000225880|ENST00000743838|lncRNA|||||||||,downstream_gene_variant|MODIFIER|LINC00115|ENSG00000225880|ENST00000743839|lncRNA|||||||||,downstream_gene_variant|MODIFIER|LINC00115|ENSG00000225880|ENST00000743840|lncRNA|||||||||,downstream_gene_variant|MODIFIER|LINC00115|ENSG00000225880|ENST00000743841|lncRNA|||||||||,downstream_gene_variant|MODIFIER|LINC00115|ENSG00000225880|ENST00000743842|lncRNA|||||||||,downstream_gene_variant|MODIFIER|LINC00115|ENSG00000225880|ENST00000743843|lncRNA|||||||||,downstream_gene_variant|MODIFIER|LINC00115|ENSG00000225880|ENST00000743864|lncRNA|||||||||,downstream_gene_variant|MODIFIER|LINC00115|ENSG00000225880|ENST00000744077|lncRNA|||||||||,intron_variant&non_coding_transcript_variant|MODIFIER|LINC01409|ENSG00000237491|ENST00000744198|lncRNA|ENST00000744198.1:n.288+11792C>A||||||||,intron_variant&non_coding_transcript_variant|MODIFIER|LINC01409|ENSG00000237491|ENST00000744199|lncRNA|ENST00000744199.1:n.287+11792C>A||||||||,intron_variant&non_coding_transcript_variant|MODIFIER|LINC01409|ENSG00000237491|ENST00000744200|lncRNA|ENST00000744200.1:n.288+11792C>A||||||||,intron_variant&non_coding_transcript_variant|MODIFIER|LINC01409|ENSG00000237491|ENST00000744201|lncRNA|ENST00000744201.1:n.291+11792C>A||||||||,intron_variant&non_coding_transcript_variant|MODIFIER|LINC01409|ENSG00000237491|ENST00000744202|lncRNA|ENST00000744202.1:n.283+11792C>A||||||||,intron_variant&non_coding_transcript_variant|MODIFIER|LINC01409|ENSG00000237491|ENST00000744203|lncRNA|ENST00000744203.1:n.278+11792C>A||||||||,intron_variant&non_coding_transcript_variant|MODIFIER|LINC01409|ENSG00000237491|ENST00000744204|lncRNA|ENST00000744204.1:n.270+11792C>A||||||||,intron_variant&non_coding_transcript_variant|MODIFIER|LINC01409|ENSG00000237491|ENST00000744205|lncRNA|ENST00000744205.1:n.244+11792C>A||||||||,intron_variant&non_coding_transcript_variant|MODIFIER|LINC01409|ENSG00000237491|ENST00000744206|lncRNA|ENST00000744206.1:n.236+11792C>A||||||||,intron_variant&non_coding_transcript_variant|MODIFIER|LINC01409|ENSG00000237491|ENST00000744207|lncRNA|ENST00000744207.1:n.236+11792C>A||||||||,intron_variant&non_coding_transcript_variant|MODIFIER|LINC01409|ENSG00000237491|ENST00000744208|lncRNA|ENST00000744208.1:n.170+11792C>A||||||||,intron_variant&non_coding_transcript_variant|MODIFIER|LINC01409|ENSG00000237491|ENST00000744209|lncRNA|ENST00000744209.1:n.177+11792C>A||||||||,intron_variant&non_coding_transcript_variant|MODIFIER|LINC01409|ENSG00000237491|ENST00000744210|lncRNA|ENST00000744210.1:n.291+11792C>A||||||||,intron_variant&non_coding_transcript_variant|MODIFIER|LINC01409|ENSG00000237491|ENST00000744211|lncRNA|ENST00000744211.1:n.284+11792C>A||||||||	NA19240	0|1
1	852047	.	C	T	non_coding_transcript_exon_variant|MODIFIER|LINC01128|ENSG00000228794|ENST00000416570|lncRNA|ENST00000416570.7:n.397C>T||||||||,non_coding_transcript_exon_variant|MODIFIER|LINC01128|ENSG00000228794|ENST00000425657|retained_intron|ENST00000425657.1:n.700C>T||||||||,non_coding_transcript_exon_variant|MODIFIER|LINC01128|ENSG00000228794|ENST00000445118|lncRNA|ENST00000445118.7:n.401C>T||||||||,non_coding_transcript_exon_variant|MODIFIER|LINC01128|ENSG00000228794|ENST00000448975|lncRNA|ENST00000448975.7:n.666C>T||||||||,non_coding_transcript_exon_variant|MODIFIER|LINC01128|ENSG00000228794|ENST00000449005|lncRNA|ENST00000449005.8:n.542C>T||||||||,non_coding_transcript_exon_variant|MODIFIER|LINC01128|ENSG00000228794|ENST00000608189|lncRNA|ENST00000608189.6:n.788C>T||||||||,non_coding_transcript_exon_variant|MODIFIER|LINC01128|ENSG00000228794|ENST00000609009|lncRNA|ENST00000609009.6:n.778C>T||||||||,non_coding_transcript_exon_variant|MODIFIER|LINC01128|ENSG00000228794|ENST00000609139|lncRNA|ENST00000609139.7:n.506C>T||||||||,downstream_gene_variant|MODIFIER|LINC01128|ENSG00000228794|ENST00000610067|lncRNA|||||||||,non_coding_transcript_exon_variant|MODIFIER|LINC01128|ENSG00000228794|ENST00000622921|lncRNA|ENST00000622921.1:n.256C>T||||||||,non_coding_transcript_exon_variant|MODIFIER|LINC01128|ENSG00000228794|ENST00000623070|lncRNA|ENST00000623070.6:n.419C>T||||||||,non_coding_transcript_exon_variant|MODIFIER|LINC01128|ENSG00000228794|ENST00000623808|lncRNA|ENST00000623808.4:n.315C>T||||||||,downstream_gene_variant|MODIFIER|LINC01128|ENSG00000228794|ENST00000624927|lncRNA|||||||||,non_coding_transcript_exon_variant|MODIFIER|LINC01128|ENSG00000228794|ENST00000657175|lncRNA|ENST00000657175.1:n.420C>T||||||||,intron_variant&non_coding_transcript_variant|MODIFIER|LINC01128|ENSG00000228794|ENST00000657837|lncRNA|ENST00000657837.1:n.293+33C>T||||||||,non_coding_transcript_exon_variant|MODIFIER|LINC01128|ENSG00000228794|ENST00000658846|lncRNA|ENST00000658846.2:n.517C>T||||||||,non_coding_transcript_exon_variant|MODIFIER|LINC01128|ENSG00000228794|ENST00000659124|lncRNA|ENST00000659124.3:n.850C>T||||||||,non_coding_transcript_exon_variant|MODIFIER|LINC01128|ENSG00000228794|ENST00000661237|lncRNA|ENST00000661237.3:n.667C>T||||||||,non_coding_transcript_exon_variant|MODIFIER|LINC01128|ENSG00000228794|ENST00000666741|lncRNA|ENST00000666741.3:n.969C>T||YES||||||,downstream_gene_variant|MODIFIER|LINC01128|ENSG00000228794|ENST00000667414|lncRNA|||||||||,non_coding_transcript_exon_variant|MODIFIER|LINC01128|ENSG00000228794|ENST00000670780|lncRNA|ENST00000670780.1:n.3847C>T||||||||,non_coding_transcript_exon_variant|MODIFIER|LINC01128|ENSG00000228794|ENST00000685334|lncRNA|ENST00000685334.2:n.264C>T||||||||,non_coding_transcript_exon_variant|MODIFIER|LINC01128|ENSG00000228794|ENST00000685566|lncRNA|ENST00000685566.2:n.284C>T||||||||,non_coding_transcript_exon_variant|MODIFIER|LINC01128|ENSG00000228794|ENST00000685764|lncRNA|ENST00000685764.3:n.491C>T||||||||,non_coding_transcript_exon_variant|MODIFIER|LINC01128|ENSG00000228794|ENST00000686238|lncRNA|ENST00000686238.2:n.786C>T||||||||,non_coding_transcript_exon_variant|MODIFIER|LINC01128|ENSG00000228794|ENST00000688008|lncRNA|ENST00000688008.3:n.719C>T||||||||,non_coding_transcript_exon_variant|MODIFIER|LINC01128|ENSG00000228794|ENST00000688309|lncRNA|ENST00000688309.1:n.391C>T||||||||,non_coding_transcript_exon_variant|MODIFIER|LINC01128|ENSG00000228794|ENST00000688420|lncRNA|ENST00000688420.2:n.370C>T||||||||,non_coding_transcript_exon_variant|MODIFIER|LINC01128|ENSG00000228794|ENST00000691234|lncRNA|ENST00000691234.3:n.463C>T||||||||,non_coding_transcript_exon_variant|MODIFIER|LINC01128|ENSG00000228794|ENST00000691316|lncRNA|ENST00000691316.1:n.460C>T||||||||,non_coding_transcript_exon_variant|MODIFIER|LINC01128|ENSG00000228794|ENST00000692194|lncRNA|ENST00000692194.1:n.459C>T||||||||,non_coding_transcript_exon_variant|MODIFIER|LINC01128|ENSG00000228794|ENST00000701598|lncRNA|ENST00000701598.2:n.454C>T||||||||,non_coding_transcript_exon_variant|MODIFIER|LINC01128|ENSG00000228794|ENST00000701768|lncRNA|ENST00000701768.1:n.598C>T||||||||,non_coding_transcript_exon_variant|MODIFIER|LINC01128|ENSG00000228794|ENST00000702098|lncRNA|ENST00000702098.2:n.431C>T||||||||,non_coding_transcript_exon_variant|MODIFIER|LINC01128|ENSG00000228794|ENST00000702273|lncRNA|ENST00000702273.1:n.297C>T||||||||,non_coding_transcript_exon_variant|MODIFIER|LINC01128|ENSG00000228794|ENST00000702557|lncRNA|ENST00000702557.2:n.304C>T||||||||,non_coding_transcript_exon_variant|MODIFIER|LINC01128|ENSG00000228794|ENST00000702847|lncRNA|ENST00000702847.1:n.459C>T||||||||,non_coding_transcript_exon_variant|MODIFIER|LINC01128|ENSG00000228794|ENST00000744865|lncRNA|ENST00000744865.1:n.529C>T||||||||,intron_variant&non_coding_transcript_variant|MODIFIER|LINC01128|ENSG00000228794|ENST00000744866|lncRNA|ENST00000744866.1:n.107-624C>T||||||||,intron_variant&non_coding_transcript_variant|MODIFIER|LINC01128|ENSG00000228794|ENST00000744867|lncRNA|ENST00000744867.1:n.91-1344C>T||||||||,non_coding_transcript_exon_variant|MODIFIER|LINC01128|ENSG00000228794|ENST00000744868|lncRNA|ENST00000744868.1:n.395C>T||||||||,non_coding_transcript_exon_variant|MODIFIER|LINC01128|ENSG00000228794|ENST00000744869|lncRNA|ENST00000744869.1:n.636C>T||||||||,non_coding_transcript_exon_variant|MODIFIER|LINC01128|ENSG00000228794|ENST00000744870|lncRNA|ENST00000744870.1:n.464C>T||||||||,intron_variant&non_coding_transcript_variant|MODIFIER|LINC01128|ENSG00000228794|ENST00000744871|lncRNA|ENST00000744871.1:n.231-624C>T||||||||,intron_variant&non_coding_transcript_variant|MODIFIER|LINC01128|ENSG00000228794|ENST00000744872|lncRNA|ENST00000744872.1:n.220-1344C>T||||||||,non_coding_transcript_exon_variant|MODIFIER|LINC01128|ENSG00000228794|ENST00000744873|lncRNA|ENST00000744873.1:n.338C>T||||||||,non_coding_transcript_exon_variant|MODIFIER|LINC01128|ENSG00000228794|ENST00000744874|lncRNA|ENST00000744874.1:n.485C>T||||||||,intron_variant&non_coding_transcript_variant|MODIFIER|LINC01128|ENSG00000228794|ENST00000744875|lncRNA|ENST00000744875.1:n.89-624C>T||||||||,intron_variant&non_coding_transcript_variant|MODIFIER|LINC01128|ENSG00000228794|ENST00000744876|lncRNA|ENST00000744876.1:n.242-624C>T||||||||,non_coding_transcript_exon_variant|MODIFIER|LINC01128|ENSG00000228794|ENST00000744877|lncRNA|ENST00000744877.1:n.176C>T||||||||,non_coding_transcript_exon_variant|MODIFIER|LINC01128|ENSG00000228794|ENST00000744878|lncRNA|ENST00000744878.1:n.569C>T||||||||,non_coding_transcript_exon_variant|MODIFIER|LINC01128|ENSG00000228794|ENST00000744879|lncRNA|ENST00000744879.1:n.323C>T||||||||,non_coding_transcript_exon_variant|MODIFIER|LINC01128|ENSG00000228794|ENST00000744880|lncRNA|ENST00000744880.1:n.303C>T||||||||,non_coding_transcript_exon_variant|MODIFIER|LINC01128|ENSG00000228794|ENST00000744881|lncRNA|ENST00000744881.1:n.414C>T||||||||,intron_variant&non_coding_transcript_variant|MODIFIER|LINC01128|ENSG00000228794|ENST00000744882|lncRNA|ENST00000744882.1:n.369+33C>T||||||||,non_coding_transcript_exon_variant|MODIFIER|LINC01128|ENSG00000228794|ENST00000744883|lncRNA|ENST00000744883.1:n.445C>T||||||||,non_coding_transcript_exon_variant|MODIFIER|LINC01128|ENSG00000228794|ENST00000744884|lncRNA|ENST00000744884.1:n.990C>T||||||||,non_coding_transcript_exon_variant|MODIFIER|LINC01128|ENSG00000228794|ENST00000744885|lncRNA|ENST00000744885.1:n.653C>T||||||||,non_coding_transcript_exon_variant|MODIFIER|LINC01128|ENSG00000228794|ENST00000744886|lncRNA|ENST00000744886.1:n.571C>T||||||||,non_coding_transcript_exon_variant|MODIFIER|LINC01128|ENSG00000228794|ENST00000744887|lncRNA|ENST00000744887.1:n.569C>T||||||||,non_coding_transcript_exon_variant|MODIFIER|LINC01128|ENSG00000228794|ENST00000744888|lncRNA|ENST00000744888.1:n.488C>T||||||||,intron_variant&non_coding_transcript_variant|MODIFIER|LINC01128|ENSG00000228794|ENST00000744889|lncRNA|ENST00000744889.1:n.159-624C>T||||||||,non_coding_transcript_exon_variant|MODIFIER|LINC01128|ENSG00000228794|ENST00000744890|lncRNA|ENST00000744890.1:n.392C>T||||||||,non_coding_transcript_exon_variant|MODIFIER|LINC01128|ENSG00000228794|ENST00000744891|lncRNA|ENST00000744891.1:n.452C>T||||||||,non_coding_transcript_exon_variant|MODIFIER|LINC01128|ENSG00000228794|ENST00000744892|lncRNA|ENST00000744892.1:n.723C>T||||||||,non_coding_transcript_exon_variant|MODIFIER|LINC01128|ENSG00000228794|ENST00000744893|lncRNA|ENST00000744893.1:n.224C>T||||||||,non_coding_transcript_exon_variant|MODIFIER|LINC01128|ENSG00000228794|ENST00000744894|lncRNA|ENST00000744894.1:n.321C>T||||||||,non_coding_transcript_exon_variant|MODIFIER|LINC01128|ENSG00000228794|ENST00000744895|lncRNA|ENST00000744895.1:n.239C>T||||||||,non_coding_transcript_exon_variant|MODIFIER|LINC01128|ENSG00000228794|ENST00000744896|lncRNA|ENST00000744896.1:n.344C>T||||||||,downstream_gene_variant|MODIFIER|LINC01128|ENSG00000228794|ENST00000744897|lncRNA|||||||||,non_coding_transcript_exon_variant|MODIFIER|LINC01128|ENSG00000228794|ENST00000744898|lncRNA|ENST00000744898.1:n.447C>T||||||||,non_coding_transcript_exon_variant|MODIFIER|LINC01128|ENSG00000228794|ENST00000744899|lncRNA|ENST00000744899.1:n.202C>T||||||||,non_coding_transcript_exon_variant|MODIFIER|LINC01128|ENSG00000228794|ENST00000744904|lncRNA|ENST00000744904.1:n.587C>T||||||||,upstream_gene_variant|MODIFIER|LINC01128|ENSG00000228794|ENST00000744905|lncRNA|||||||||,upstream_gene_variant|MODIFIER|LINC01128|ENSG00000228794|ENST00000745642|lncRNA|||||||||,upstream_gene_variant|MODIFIER|LINC01128|ENSG00000228794|ENST00000745643|lncRNA|||||||||,upstream_gene_variant|MODIFIER|LINC01128|ENSG00000228794|ENST00000745644|lncRNA|||||||||,non_coding_transcript_exon_variant|MODIFIER||ENSG00000297224|ENST00000746320|lncRNA|ENST00000746320.1:n.84G>A||YES||||||,non_coding_transcript_exon_variant|MODIFIER||ENSG00000297224|ENST00000746321|lncRNA|ENST00000746321.1:n.62G>A||||||||	NA12878	0|1
1	861387	.	G	A	downstream_gene_variant|MODIFIER|LINC01128|ENSG00000228794|ENST00000445118|lncRNA|||||||||,downstream_gene_variant|MODIFIER|LINC01128|ENSG00000228794|ENST00000657837|lncRNA|||||||||,downstream_gene_variant|MODIFIER|LINC01128|ENSG00000228794|ENST00000659124|lncRNA|||||||||,intron_variant&non_coding_transcript_variant|MODIFIER|LINC01128|ENSG00000228794|ENST00000661463|lncRNA|ENST00000661463.2:n.1047+114G>A||||||||,downstream_gene_variant|MODIFIER|LINC01128|ENSG00000228794|ENST00000666741|lncRNA|||YES||||||,downstream_gene_variant|MODIFIER|LINC01128|ENSG00000228794|ENST00000670780|lncRNA|||||||||,intron_variant&non_coding_transcript_variant|MODIFIER|LINC01128|ENSG00000228794|ENST00000671208|lncRNA|ENST00000671208.1:n.1048+114G>A||||||||,downstream_gene_variant|MODIFIER|LINC01128|ENSG00000228794|ENST00000685764|lncRNA|||||||||,downstream_gene_variant|MODIFIER|LINC01128|ENSG00000228794|ENST00000688309|lncRNA|||||||||,downstream_gene_variant|MODIFIER|LINC01128|ENSG00000228794|ENST00000691234|lncRNA|||||||||,downstream_gene_variant|MODIFIER|LINC01128|ENSG00000228794|ENST00000691316|lncRNA|||||||||,downstream_gene_variant|MODIFIER|LINC01128|ENSG00000228794|ENST00000701768|lncRNA|||||||||,downstream_gene_variant|MODIFIER|LINC01128|ENSG00000228794|ENST00000744905|lncRNA|||||||||,intron_variant&non_coding_transcript_variant|MODIFIER|LINC01128|ENSG00000228794|ENST00000745642|lncRNA|ENST00000745642.1:n.1514+114G>A||||||||,intron_variant&non_coding_transcript_variant|MODIFIER|LINC01128|ENSG00000228794|ENST00000745643|lncRNA|ENST00000745643.1:n.766+114G>A||||||||,intron_variant&non_coding_transcript_variant|MODIFIER|LINC01128|ENSG00000228794|ENST00000745644|lncRNA|ENST00000745644.1:n.294+114G>A||||||||,intron_variant&non_coding_transcript_variant|MODIFIER|LINC01128|ENSG00000228794|ENST00000745645|lncRNA|ENST00000745645.1:n.372+114G>A||||||||,intron_variant&non_coding_transcript_variant|MODIFIER|LINC01128|ENSG00000228794|ENST00000745646|lncRNA|ENST00000745646.1:n.301+114G>A||||||||,intron_variant&non_coding_transcript_variant|MODIFIER|LINC01128|ENSG00000228794|ENST00000745647|lncRNA|ENST00000745647.1:n.477+114G>A||||||||,intron_variant&non_coding_transcript_variant|MODIFIER|LINC01128|ENSG00000228794|ENST00000745648|lncRNA|ENST00000745648.1:n.281+114G>A||||||||	NA19240	0|1
1	886546	.	C	G	intron_variant&non_coding_transcript_variant|MODIFIER||ENSG00000296088|ENST00000736325|lncRNA|ENST00000736325.1:n.277-2650C>G||YES||||||,downstream_gene_variant|MODIFIER||ENSG00000296088|ENST00000736326|lncRNA|||||||||	NA12878	0|1
1	896025	.	A	G	intergenic_variant|MODIFIER|||||||||||||	NA19240	0|1
1	896034	.	G	A	intergenic_variant|MODIFIER|||||||||||||	NA19240	0|1
1	896063	.	A	G	intergenic_variant|MODIFIER|||||||||||||	NA19240	0|1
1	901834	.	G	C	upstream_gene_variant|MODIFIER||ENSG00000272438|ENST00000607769|lncRNA|||||||||,upstream_gene_variant|MODIFIER||ENSG00000272438|ENST00000715285|lncRNA|||||||||,upstream_gene_variant|MODIFIER||ENSG00000272438|ENST00000756413|lncRNA|||YES||||||,upstream_gene_variant|MODIFIER||ENSG00000272438|ENST00000756414|lncRNA|||||||||,upstream_gene_variant|MODIFIER||ENSG00000272438|ENST00000756415|lncRNA|||||||||,upstream_gene_variant|MODIFIER||ENSG00000272438|ENST00000756416|lncRNA|||||||||,upstream_gene_variant|MODIFIER||ENSG00000272438|ENST00000756417|lncRNA|||||||||,upstream_gene_variant|MODIFIER||ENSG00000272438|ENST00000756418|lncRNA|||||||||,upstream_gene_variant|MODIFIER||ENSG00000272438|ENST00000756419|lncRNA|||||||||,upstream_gene_variant|MODIFIER||ENSG00000272438|ENST00000756420|lncRNA|||||||||,upstream_gene_variant|MODIFIER||ENSG00000272438|ENST00000756421|lncRNA|||||||||,upstream_gene_variant|MODIFIER||ENSG00000272438|ENST00000756422|lncRNA|||||||||,upstream_gene_variant|MODIFIER||ENSG00000272438|ENST00000756423|lncRNA|||||||||,upstream_gene_variant|MODIFIER||ENSG00000272438|ENST00000756424|lncRNA|||||||||,upstream_gene_variant|MODIFIER||ENSG00000272438|ENST00000756425|lncRNA|||||||||,upstream_gene_variant|MODIFIER||ENSG00000272438|ENST00000756426|lncRNA|||||||||,upstream_gene_variant|MODIFIER||ENSG00000272438|ENST00000756427|lncRNA|||||||||,upstream_gene_variant|MODIFIER||ENSG00000272438|ENST00000756428|lncRNA|||||||||,upstream_gene_variant|MODIFIER||ENSG00000272438|ENST00000756429|lncRNA|||||||||,upstream_gene_variant|MODIFIER||ENSG00000272438|ENST00000756430|lncRNA|||||||||,upstream_gene_variant|MODIFIER||ENSG00000272438|ENST00000756431|lncRNA|||||||||,upstream_gene_variant|MODIFIER||ENSG00000272438|ENST00000756432|lncRNA|||||||||,upstream_gene_variant|MODIFIER||ENSG00000272438|ENST00000756433|lncRNA|||||||||,upstream_gene_variant|MODIFIER||ENSG00000272438|ENST00000756434|lncRNA|||||||||,upstream_gene_variant|MODIFIER||ENSG00000272438|ENST00000756435|lncRNA|||||||||,upstream_gene_variant|MODIFIER||ENSG00000272438|ENST00000756436|lncRNA|||||||||,upstream_gene_variant|MODIFIER||ENSG00000272438|ENST00000756437|lncRNA|||||||||,upstream_gene_variant|MODIFIER||ENSG00000272438|ENST00000756438|lncRNA|||||||||,upstream_gene_variant|MODIFIER||ENSG00000272438|ENST00000756439|lncRNA|||||||||,upstream_gene_variant|MODIFIER||ENSG00000272438|ENST00000756440|lncRNA|||||||||,upstream_gene_variant|MODIFIER||ENSG00000272438|ENST00000756441|lncRNA|||||||||,upstream_gene_variant|MODIFIER||ENSG00000272438|ENST00000756442|lncRNA|||||||||,upstream_gene_variant|MODIFIER||ENSG00000272438|ENST00000756443|lncRNA|||||||||,upstream_gene_variant|MODIFIER||ENSG00000272438|ENST00000756444|lncRNA|||||||||,upstream_gene_variant|MODIFIER||ENSG00000272438|ENST00000756445|lncRNA|||||||||,upstream_gene_variant|MODIFIER||ENSG00000272438|ENST00000756446|lncRNA|||||||||,upstream_gene_variant|MODIFIER||ENSG00000272438|ENST00000756447|lncRNA|||||||||,upstream_gene_variant|MODIFIER||ENSG00000272438|ENST00000756451|lncRNA|||||||||,upstream_gene_variant|MODIFIER||ENSG00000272438|ENST00000756452|lncRNA|||||||||,upstream_gene_variant|MODIFIER||ENSG00000272438|ENST00000756453|lncRNA|||||||||,upstream_gene_variant|MODIFIER||ENSG00000272438|ENST00000756454|lncRNA|||||||||,upstream_gene_variant|MODIFIER||ENSG00000272438|ENST00000756455|lncRNA|||||||||,upstream_gene_variant|MODIFIER||ENSG00000272438|ENST00000756456|lncRNA|||||||||	NA12878	0|1
1	994678	.	C	A	downstream_gene_variant|MODIFIER|HES4|ENSG00000188290|ENST00000304952|protein_coding|||YES||||||,downstream_gene_variant|MODIFIER|HES4|ENSG00000188290|ENST00000428771|protein_coding|||||||||,downstream_gene_variant|MODIFIER|HES4|ENSG00000188290|ENST00000481869|retained_intron|||||||||,downstream_gene_variant|MODIFIER|HES4|ENSG00000188290|ENST00000484667|protein_coding|||||||||,downstream_gene_variant|MODIFIER||ENSG00000272512|ENST00000606034|lncRNA|||YES||||||,downstream_gene_variant|MODIFIER||ENSG00000303599|ENST00000796003|lncRNA|||YES||||||,downstream_gene_variant|MODIFIER|HES4|ENSG00000188290|ENST00000854802|protein_coding|||||||||	NA12878	0|1
1	1056426	.	C	T	downstream_gene_variant|MODIFIER|AGRN|ENSG00000188157|ENST00000379370|protein_coding|||YES||||||,upstream_gene_variant|MODIFIER||ENSG00000291156|ENST00000394517|lncRNA|||||||||,downstream_gene_variant|MODIFIER||ENSG00000242590|ENST00000418300|lncRNA|||YES||||||,upstream_gene_variant|MODIFIER||ENSG00000291156|ENST00000427998|lncRNA|||||||||,upstream_gene_variant|MODIFIER||ENSG00000291156|ENST00000456409|lncRNA|||||||||,downstream_gene_variant|MODIFIER|AGRN|ENSG00000188157|ENST00000461111|retained_intron|||||||||,downstream_gene_variant|MODIFIER|AGRN|ENSG00000188157|ENST00000620552|protein_coding|||||||||,downstream_gene_variant|MODIFIER|AGRN|ENSG00000188157|ENST00000651234|protein_coding|||||||||,downstream_gene_variant|MODIFIER|AGRN|ENSG00000188157|ENST00000652369|protein_coding|||||||||,upstream_gene_variant|MODIFIER||ENSG00000291156|ENST00000685011|lncRNA|||||||||,upstream_gene_variant|MODIFIER||ENSG00000291156|ENST00000688131|lncRNA|||||||||,upstream_gene_variant|MODIFIER||ENSG00000291156|ENST00000692266|lncRNA|||||||||,upstream_gene_variant|MODIFIER||ENSG00000291156|ENST00000692821|lncRNA|||||||||,upstream_gene_variant|MODIFIER||ENSG00000291156|ENST00000702922|lncRNA|||||||||,upstream_gene_variant|MODIFIER||ENSG00000291156|ENST00000799554|lncRNA|||YES||||||,upstream_gene_variant|MODIFIER||ENSG00000291156|ENST00000799555|lncRNA|||||||||,upstream_gene_variant|MODIFIER||ENSG00000291156|ENST00000799556|lncRNA|||||||||,upstream_gene_variant|MODIFIER||ENSG00000291156|ENST00000799557|lncRNA|||||||||,upstream_gene_variant|MODIFIER||ENSG00000291156|ENST00000799558|lncRNA|||||||||,upstream_gene_variant|MODIFIER||ENSG00000291156|ENST00000799559|lncRNA|||||||||,upstream_gene_variant|MODIFIER||ENSG00000291156|ENST00000799560|lncRNA|||||||||,upstream_gene_variant|MODIFIER||ENSG00000291156|ENST00000799561|lncRNA|||||||||,upstream_gene_variant|MODIFIER||ENSG00000291156|ENST00000799562|lncRNA|||||||||,upstream_gene_variant|MODIFIER||ENSG00000291156|ENST00000799563|lncRNA|||||||||,upstream_gene_variant|MODIFIER||ENSG00000291156|ENST00000799564|lncRNA|||||||||,upstream_gene_variant|MODIFIER||ENSG00000291156|ENST00000799565|lncRNA|||||||||,upstream_gene_variant|MODIFIER||ENSG00000291156|ENST00000799566|lncRNA|||||||||,upstream_gene_variant|MODIFIER||ENSG00000291156|ENST00000799567|lncRNA|||||||||,upstream_gene_variant|MODIFIER||ENSG00000291156|ENST00000799568|lncRNA|||||||||,upstream_gene_variant|MODIFIER||ENSG00000291156|ENST00000799569|lncRNA|||||||||,upstream_gene_variant|MODIFIER||ENSG00000291156|ENST00000799570|lncRNA|||||||||,upstream_gene_variant|MODIFIER||ENSG00000291156|ENST00000799571|lncRNA|||||||||,upstream_gene_variant|MODIFIER||ENSG00000291156|ENST00000799572|lncRNA|||||||||,upstream_gene_variant|MODIFIER||ENSG00000291156|ENST00000799573|lncRNA|||||||||,upstream_gene_variant|MODIFIER||ENSG00000291156|ENST00000799574|lncRNA|||||||||,upstream_gene_variant|MODIFIER||ENSG00000291156|ENST00000799575|lncRNA|||||||||,upstream_gene_variant|MODIFIER||ENSG00000291156|ENST00000799576|lncRNA|||||||||,upstream_gene_variant|MODIFIER||ENSG00000291156|ENST00000799577|lncRNA|||||||||,upstream_gene_variant|MODIFIER||ENSG00000291156|ENST00000799578|lncRNA|||||||||,upstream_gene_variant|MODIFIER||ENSG00000291156|ENST00000799579|lncRNA|||||||||,upstream_gene_variant|MODIFIER||ENSG00000291156|ENST00000799580|lncRNA|||||||||,upstream_gene_variant|MODIFIER||ENSG00000291156|ENST00000799581|lncRNA|||||||||,upstream_gene_variant|MODIFIER||ENSG00000291156|ENST00000799582|lncRNA|||||||||,upstream_gene_variant|MODIFIER||ENSG00000291156|ENST00000799583|lncRNA|||||||||,upstream_gene_variant|MODIFIER||ENSG00000291156|ENST00000799584|lncRNA|||||||||,upstream_gene_variant|MODIFIER||ENSG00000291156|ENST00000799585|lncRNA|||||||||,upstream_gene_variant|MODIFIER||ENSG00000291156|ENST00000799586|lncRNA|||||||||,upstream_gene_variant|MODIFIER||ENSG00000291156|ENST00000799587|lncRNA|||||||||,upstream_gene_variant|MODIFIER||ENSG00000291156|ENST00000799588|lncRNA|||||||||,upstream_gene_variant|MODIFIER||ENSG00000291156|ENST00000799589|lncRNA|||||||||,upstream_gene_variant|MODIFIER||ENSG00000291156|ENST00000799590|lncRNA|||||||||,upstream_gene_variant|MODIFIER||ENSG00000291156|ENST00000799591|lncRNA|||||||||,upstream_gene_variant|MODIFIER||ENSG00000291156|ENST00000799592|lncRNA|||||||||,upstream_gene_variant|MODIFIER||ENSG00000291156|ENST00000799593|lncRNA|||||||||,downstream_gene_variant|MODIFIER||ENSG00000273443|ENST00000800041|lncRNA|||YES||||||	NA12878	0|1
1	1097584	.	AT	A	intron_variant|MODIFIER|C1orf159|ENSG00000131591|ENST00000379319|protein_coding|ENST00000379319.5:c.-135-5482del||||||||,intron_variant&NMD_transcript_variant|MODIFIER|C1orf159|ENSG00000131591|ENST00000379325|nonsense_mediated_decay|ENST00000379325.7:c.-135-5482del||||||||,intron_variant|MODIFIER|C1orf159|ENSG00000131591|ENST00000379339|protein_coding|ENST00000379339.5:c.-135-5482del||||||||,intron_variant|MODIFIER|C1orf159|ENSG00000131591|ENST00000421241|protein_coding|ENST00000421241.7:c.-135-5482del||YES||||||,upstream_gene_variant|MODIFIER|C1orf159|ENSG00000131591|ENST00000427787|protein_coding|||||||||,intron_variant|MODIFIER|C1orf159|ENSG00000131591|ENST00000434641|protein_coding|ENST00000434641.5:c.-135-5482del||||||||,upstream_gene_variant|MODIFIER|C1orf159|ENSG00000131591|ENST00000442117|protein_coding|||||||||,intron_variant|MODIFIER|C1orf159|ENSG00000131591|ENST00000462097|protein_coding|ENST00000462097.5:c.-135-5482del||||||||,intron_variant&NMD_transcript_variant|MODIFIER|C1orf159|ENSG00000131591|ENST00000467751|nonsense_mediated_decay|ENST00000467751.5:c.-135-5482del||||||||,intron_variant&non_coding_transcript_variant|MODIFIER|C1orf159|ENSG00000131591|ENST00000472741|retained_intron|ENST00000472741.5:n.29-5482del||||||||,intron_variant|MODIFIER|C1orf159|ENSG00000131591|ENST00000475119|protein_coding|ENST00000475119.5:c.-179-5482del||||||||,intron_variant&NMD_transcript_variant|MODIFIER|C1orf159|ENSG00000131591|ENST00000477196|nonsense_mediated_decay|ENST00000477196.5:c.-135-5482del||||||||,intron_variant|MODIFIER|C1orf159|ENSG00000131591|ENST00000480643|protein_coding|ENST00000480643.1:c.-135-5482del||||||||,intron_variant&non_coding_transcript_variant|MODIFIER|C1orf159|ENSG00000131591|ENST00000482816|protein_coding_CDS_not_defined|ENST00000482816.5:n.185-5482del||||||||,non_coding_transcript_exon_variant|MODIFIER||ENSG00000285812|ENST00000648183|lncRNA|ENST00000648183.1:n.19del||YES||||||,intron_variant|MODIFIER|C1orf159|ENSG00000131591|ENST00000871969|protein_coding|ENST00000871969.1:c.-183-2461del||||||||,intron_variant|MODIFIER|C1orf159|ENSG00000131591|ENST00000871970|protein_coding|ENST00000871970.1:c.-135-5482del||||||||,intron_variant|MODIFIER|C1orf159|ENSG00000131591|ENST00000871971|protein_coding|ENST00000871971.1:c.-135-5482del||||||||,intron_variant|MODIFIER|C1orf159|ENSG00000131591|ENST00000871972|protein_coding|ENST00000871972.1:c.-135-5482del||||||||,intron_variant|MODIFIER|C1orf159|ENSG00000131591|ENST00000871973|protein_coding|ENST00000871973.1:c.-325-5292del||||||||,intron_variant|MODIFIER|C1orf159|ENSG00000131591|ENST00000871974|protein_coding|ENST00000871974.1:c.-135-5482del||||||||,intron_variant|MODIFIER|C1orf159|ENSG00000131591|ENST00000871975|protein_coding|ENST00000871975.1:c.-135-5482del||||||||,intron_variant|MODIFIER|C1orf159|ENSG00000131591|ENST00000871976|protein_coding|ENST00000871976.1:c.-227-2461del||||||||,intron_variant|MODIFIER|C1orf159|ENSG00000131591|ENST00000871977|protein_coding|ENST00000871977.1:c.-183-2461del||||||||,intron_variant|MODIFIER|C1orf159|ENSG00000131591|ENST00000871978|protein_coding|ENST00000871978.1:c.-325-5292del||||||||,intron_variant|MODIFIER|C1orf159|ENSG00000131591|ENST00000871979|protein_coding|ENST00000871979.1:c.-179-5482del||||||||,intron_variant|MODIFIER|C1orf159|ENSG00000131591|ENST00000871980|protein_coding|ENST00000871980.1:c.-135-5482del||||||||,intron_variant|MODIFIER|C1orf159|ENSG00000131591|ENST00000871981|protein_coding|ENST00000871981.1:c.-135-5482del||||||||,upstream_gene_variant|MODIFIER|C1orf159|ENSG00000131591|ENST00000871982|protein_coding|||||||||,upstream_gene_variant|MODIFIER|C1orf159|ENSG00000131591|ENST00000871983|protein_coding|||||||||,intron_variant|MODIFIER|C1orf159|ENSG00000131591|ENST00000934528|protein_coding|ENST00000934528.1:c.-135-5482del||||||||,intron_variant|MODIFIER|C1orf159|ENSG00000131591|ENST00000934529|protein_coding|ENST00000934529.1:c.-135-5482del||||||||,intron_variant|MODIFIER|C1orf159|ENSG00000131591|ENST00000934530|protein_coding|ENST00000934530.1:c.-135-5482del||||||||,intron_variant|MODIFIER|C1orf159|ENSG00000131591|ENST00000934531|protein_coding|ENST00000934531.1:c.-135-5482del||||||||,intron_variant|MODIFIER|C1orf159|ENSG00000131591|ENST00000934532|protein_coding|ENST00000934532.1:c.-135-5482del||||||||,intron_variant|MODIFIER|C1orf159|ENSG00000131591|ENST00000934533|protein_coding|ENST00000934533.1:c.-135-5482del||||||||,intron_variant|MODIFIER|C1orf159|ENSG00000131591|ENST00000934534|protein_coding|ENST00000934534.1:c.-179-5482del||||||||,intron_variant|MODIFIER|C1orf159|ENSG00000131591|ENST00000934535|protein_coding|ENST00000934535.1:c.-135-5482del||||||||,upstream_gene_variant|MODIFIER|C1orf159|ENSG00000131591|ENST00000934536|protein_coding|||||||||,intron_variant|MODIFIER|C1orf159|ENSG00000131591|ENST00000962840|protein_coding|ENST00000962840.1:c.-22-6020del||||||||,intron_variant|MODIFIER|C1orf159|ENSG00000131591|ENST00000962841|protein_coding|ENST00000962841.1:c.-135-5482del||||||||,intron_variant|MODIFIER|C1orf159|ENSG00000131591|ENST00000962842|protein_coding|ENST00000962842.1:c.-183-2461del||||||||,intron_variant|MODIFIER|C1orf159|ENSG00000131591|ENST00000962843|protein_coding|ENST00000962843.1:c.-22-6020del||||||||,intron_variant|MODIFIER|C1orf159|ENSG00000131591|ENST00000962844|protein_coding|ENST00000962844.1:c.-135-5482del||||||||,intron_variant|MODIFIER|C1orf159|ENSG00000131591|ENST00000962845|protein_coding|ENST00000962845.1:c.-135-5482del||||||||,intron_variant|MODIFIER|C1orf159|ENSG00000131591|ENST00000962846|protein_coding|ENST00000962846.1:c.-22-6020del||||||||,intron_variant|MODIFIER|C1orf159|ENSG00000131591|ENST00000962847|protein_coding|ENST00000962847.1:c.-135-5482del||||||||,intron_variant|MODIFIER|C1orf159|ENSG00000131591|ENST00000962848|protein_coding|ENST00000962848.1:c.-373-2461del||||||||,upstream_gene_variant|MODIFIER|C1orf159|ENSG00000131591|ENST00000962849|protein_coding|||||||||	NA12878	1|0
1	1189158	.	G	A	downstream_gene_variant|MODIFIER|TTLL10|ENSG00000162571|ENST00000379288|protein_coding|||||||||,intron_variant|MODIFIER|TTLL10|ENSG00000162571|ENST00000379289|protein_coding|ENST00000379289.6:c.1401+4049G>A||YES||||||,intron_variant|MODIFIER|TTLL10|ENSG00000162571|ENST00000379290|protein_coding|ENST00000379290.6:c.1401+4049G>A||||||||,intron_variant&NMD_transcript_variant|MODIFIER|TTLL10|ENSG00000162571|ENST00000486379|nonsense_mediated_decay|ENST00000486379.1:c.74+4049G>A||||||||,intron_variant|MODIFIER|TTLL10|ENSG00000162571|ENST00000884039|protein_coding|ENST00000884039.1:c.1401+4049G>A||||||||,intron_variant|MODIFIER|TTLL10|ENSG00000162571|ENST00000884040|protein_coding|ENST00000884040.1:c.1320+4049G>A||||||||,intron_variant|MODIFIER|TTLL10|ENSG00000162571|ENST00000884041|protein_coding|ENST00000884041.1:c.1401+4049G>A||||||||,intron_variant|MODIFIER|TTLL10|ENSG00000162571|ENST00000884042|protein_coding|ENST00000884042.1:c.1401+4049G>A||||||||,intron_variant|MODIFIER|TTLL10|ENSG00000162571|ENST00000966235|protein_coding|ENST00000966235.1:c.1401+4049G>A||||||||,intron_variant|MODIFIER|TTLL10|ENSG00000162571|ENST00000966236|protein_coding|ENST00000966236.1:c.1401+4049G>A||||||||,intron_variant|MODIFIER|TTLL10|ENSG00000162571|ENST00000966237|protein_coding|ENST00000966237.1:c.1320+4049G>A||||||||	NA12878	0|1
1	1245212	.	G	C	intron_variant|MODIFIER|C1QTNF12|ENSG00000184163|ENST00000330388|protein_coding|ENST00000330388.2:c.178-715C>G||YES||||||,upstream_gene_variant|MODIFIER|C1QTNF12|ENSG00000184163|ENST00000462849|retained_intron|||||||||,upstream_gene_variant|MODIFIER|C1QTNF12|ENSG00000184163|ENST00000468365|retained_intron|||||||||,upstream_gene_variant|MODIFIER|C1QTNF12|ENSG00000184163|ENST00000478606|retained_intron|||||||||,upstream_gene_variant|MODIFIER|C1QTNF12|ENSG00000184163|ENST00000486627|retained_intron|||||||||,downstream_gene_variant|MODIFIER||ENSG00000260179|ENST00000565563|lncRNA|||YES||||||	NA12878	1|0
1	1272619	.	G	C	intron_variant|MODIFIER|UBE2J2|ENSG00000160087|ENST00000347370|protein_coding|ENST00000347370.6:c.-286+1047C>G||||||||,intron_variant|MODIFIER|UBE2J2|ENSG00000160087|ENST00000349431|protein_coding|ENST00000349431.11:c.-1+1047C>G||YES||||||,intron_variant|MODIFIER|UBE2J2|ENSG00000160087|ENST00000360466|protein_coding|ENST00000360466.6:c.-1+880C>G||||||||,intron_variant|MODIFIER|UBE2J2|ENSG00000160087|ENST00000400929|protein_coding|ENST00000400929.6:c.-26+1047C>G||||||||,intron_variant|MODIFIER|UBE2J2|ENSG00000160087|ENST00000400930|protein_coding|ENST00000400930.8:c.-1+1047C>G||||||||,intron_variant|MODIFIER|UBE2J2|ENSG00000160087|ENST00000422076|protein_coding|ENST00000422076.5:c.-1+880C>G||||||||,upstream_gene_variant|MODIFIER|LINC01786|ENSG00000230415|ENST00000434139|lncRNA|||YES||||||,intron_variant|MODIFIER|UBE2J2|ENSG00000160087|ENST00000435198|protein_coding|ENST00000435198.5:c.-1+758C>G||||||||,intron_variant&NMD_transcript_variant|MODIFIER|UBE2J2|ENSG00000160087|ENST00000450390|nonsense_mediated_decay|ENST00000450390.6:c.-1+1047C>G||||||||,upstream_gene_variant|MODIFIER|LINC01786|ENSG00000230415|ENST00000453732|lncRNA|||||||||,intron_variant&non_coding_transcript_variant|MODIFIER|UBE2J2|ENSG00000160087|ENST00000461142|retained_intron|ENST00000461142.3:n.172+1047C>G||||||||,intron_variant&NMD_transcript_variant|MODIFIER|UBE2J2|ENSG00000160087|ENST00000464036|nonsense_mediated_decay|ENST00000464036.5:c.-1+1047C>G||||||||,intron_variant&NMD_transcript_variant|MODIFIER|UBE2J2|ENSG00000160087|ENST00000466752|nonsense_mediated_decay|ENST00000466752.5:c.-1+1047C>G||||||||,intron_variant&NMD_transcript_variant|MODIFIER|UBE2J2|ENSG00000160087|ENST00000473215|nonsense_mediated_decay|ENST00000473215.5:c.-1+1047C>G||||||||,intron_variant&NMD_transcript_variant|MODIFIER|UBE2J2|ENSG00000160087|ENST00000477894|nonsense_mediated_decay|ENST00000477894.5:c.-1+1047C>G||||||||,intron_variant|MODIFIER|UBE2J2|ENSG00000160087|ENST00000488418|protein_coding|ENST00000488418.2:c.-1+234C>G||||||||,intron_variant&non_coding_transcript_variant|MODIFIER|UBE2J2|ENSG00000160087|ENST00000491779|protein_coding_CDS_not_defined|ENST00000491779.5:n.292+880C>G||||||||,intron_variant|MODIFIER|UBE2J2|ENSG00000160087|ENST00000502382|protein_coding|ENST00000502382.1:c.-128-982C>G||||||||,intron_variant&NMD_transcript_variant|MODIFIER|UBE2J2|ENSG00000160087|ENST00000503294|nonsense_mediated_decay|ENST00000503294.5:c.-1+1047C>G||||||||,intron_variant|MODIFIER|UBE2J2|ENSG00000160087|ENST00000509720|protein_coding|ENST00000509720.5:c.-130+1047C>G||||||||,upstream_gene_variant|MODIFIER|LINC01786|ENSG00000230415|ENST00000762567|lncRNA|||||||||,intron_variant|MODIFIER|UBE2J2|ENSG00000160087|ENST00000905705|protein_coding|ENST00000905705.1:c.-1+1047C>G||||||||,intron_variant|MODIFIER|UBE2J2|ENSG00000160087|ENST00000905706|protein_coding|ENST00000905706.1:c.-1+432C>G||||||||,intron_variant|MODIFIER|UBE2J2|ENSG00000160087|ENST00000905707|protein_coding|ENST00000905707.1:c.-1+471C>G||||||||,intron_variant|MODIFIER|UBE2J2|ENSG00000160087|ENST00000905708|protein_coding|ENST00000905708.1:c.-1+1047C>G||||||||,intron_variant|MODIFIER|UBE2J2|ENSG00000160087|ENST00000905709|protein_coding|ENST00000905709.1:c.-1+850C>G||||||||,intron_variant|MODIFIER|UBE2J2|ENSG00000160087|ENST00000905710|protein_coding|ENST00000905710.1:c.-1+1171C>G||||||||,intron_variant|MODIFIER|UBE2J2|ENSG00000160087|ENST00000905711|protein_coding|ENST00000905711.1:c.-272+880C>G||||||||,intron_variant|MODIFIER|UBE2J2|ENSG00000160087|ENST00000905712|protein_coding|ENST00000905712.1:c.-1+428C>G||||||||,intron_variant|MODIFIER|UBE2J2|ENSG00000160087|ENST00000905713|protein_coding|ENST00000905713.1:c.-1+234C>G||||||||,upstream_gene_variant|MODIFIER|UBE2J2|ENSG00000160087|ENST00000905714|protein_coding|||||||||,intron_variant|MODIFIER|UBE2J2|ENSG00000160087|ENST00000919402|protein_coding|ENST00000919402.1:c.-1+1780C>G||||||||,5_prime_UTR_variant|MODIFIER|UBE2J2|ENSG00000160087|ENST00000919403|protein_coding|ENST00000919403.1:c.-28C>G||||||||,intron_variant|MODIFIER|UBE2J2|ENSG00000160087|ENST00000919404|protein_coding|ENST00000919404.1:c.-272+234C>G||||||||,intron_variant|MODIFIER|UBE2J2|ENSG00000160087|ENST00000954858|protein_coding|ENST00000954858.1:c.-358+1047C>G||||||||,intron_variant|MODIFIER|UBE2J2|ENSG00000160087|ENST00000954859|protein_coding|ENST00000954859.1:c.-212+1047C>G||||||||,regulatory_region_variant|MODIFIER|||ENSR1_C5F4|enhancer|||||||||	NA19240	0|1
1	1279441	.	C	T	upstream_gene_variant|MODIFIER|SCNN1D|ENSG00000162572|ENST00000325425|protein_coding|||||||||,upstream_gene_variant|MODIFIER|SCNN1D|ENSG00000162572|ENST00000338555|protein_coding|||||||||,upstream_gene_variant|MODIFIER|SCNN1D|ENSG00000162572|ENST00000379101|nonsense_mediated_decay|||||||||,upstream_gene_variant|MODIFIER|SCNN1D|ENSG00000162572|ENST00000379116|protein_coding|||YES||||||,upstream_gene_variant|MODIFIER|SCNN1D|ENSG00000162572|ENST00000400928|protein_coding|||||||||,intron_variant&non_coding_transcript_variant|MODIFIER|LINC01786|ENSG00000230415|ENST00000434139|lncRNA|ENST00000434139.1:n.158+293C>T||YES||||||,downstream_gene_variant|MODIFIER|LINC01786|ENSG00000230415|ENST00000453732|lncRNA|||||||||,upstream_gene_variant|MODIFIER|SCNN1D|ENSG00000162572|ENST00000467651|protein_coding_CDS_not_defined|||||||||,upstream_gene_variant|MODIFIER|SCNN1D|ENSG00000162572|ENST00000470022|protein_coding|||||||||,downstream_gene_variant|MODIFIER|LINC01786|ENSG00000230415|ENST00000762567|lncRNA|||||||||,upstream_gene_variant|MODIFIER|UBE2J2|ENSG00000160087|ENST00000919402|protein_coding|||||||||	NA12878	1|0
1	1312209	.	C	G	intron_variant&non_coding_transcript_variant|MODIFIER|INTS11|ENSG00000127054|ENST00000323275|retained_intron|ENST00000323275.10:n.1995+17G>C||||||||,upstream_gene_variant|MODIFIER|ACAP3|ENSG00000131584|ENST00000354700|protein_coding|||YES||||||,upstream_gene_variant|MODIFIER|ACAP3|ENSG00000131584|ENST00000354980|nonsense_mediated_decay|||||||||,downstream_gene_variant|MODIFIER|PUSL1|ENSG00000169972|ENST00000379031|protein_coding|||YES||||||,intron_variant|MODIFIER|INTS11|ENSG00000127054|ENST00000411962|protein_coding|ENST00000411962.5:c.1313+17G>C||||||||,intron_variant|MODIFIER|INTS11|ENSG00000127054|ENST00000419704|protein_coding|ENST00000419704.5:c.1304+17G>C||||||||,intron_variant|MODIFIER|INTS11|ENSG00000127054|ENST00000421495|protein_coding|ENST00000421495.6:c.833+17G>C||||||||,downstream_gene_variant|MODIFIER|INTS11|ENSG00000127054|ENST00000430786|nonsense_mediated_decay|||||||||,downstream_gene_variant|MODIFIER|INTS11|ENSG00000127054|ENST00000434694|protein_coding|||||||||,intron_variant|MODIFIER|INTS11|ENSG00000127054|ENST00000435064|protein_coding|ENST00000435064.6:c.1607+17G>C||YES||||||,upstream_gene_variant|MODIFIER|ACAP3|ENSG00000131584|ENST00000438966|protein_coding_CDS_not_defined|||||||||,intron_variant|MODIFIER|INTS11|ENSG00000127054|ENST00000450926|protein_coding|ENST00000450926.6:c.1541+17G>C||||||||,intron_variant&NMD_transcript_variant|MODIFIER|INTS11|ENSG00000127054|ENST00000458452|nonsense_mediated_decay|ENST00000458452.7:c.*1891+17G>C||||||||,downstream_gene_variant|MODIFIER|INTS11|ENSG00000127054|ENST00000461514|retained_intron|||||||||,intron_variant&non_coding_transcript_variant|MODIFIER|INTS11|ENSG00000127054|ENST00000462432|protein_coding_CDS_not_defined|ENST00000462432.5:n.2410+17G>C||||||||,downstream_gene_variant|MODIFIER|PUSL1|ENSG00000169972|ENST00000463758|retained_intron|||||||||,downstream_gene_variant|MODIFIER|INTS11|ENSG00000127054|ENST00000467408|retained_intron|||||||||,downstream_gene_variant|MODIFIER|PUSL1|ENSG00000169972|ENST00000467712|protein_coding|||||||||,intron_variant&non_coding_transcript_variant|MODIFIER|INTS11|ENSG00000127054|ENST00000470030|retained_intron|ENST00000470030.6:n.1899+17G>C||||||||,downstream_gene_variant|MODIFIER|PUSL1|ENSG00000169972|ENST00000470520|protein_coding_CDS_not_defined|||||||||,upstream_gene_variant|MODIFIER|ACAP3|ENSG00000131584|ENST00000472541|retained_intron|||||||||,intron_variant&non_coding_transcript_variant|MODIFIER|INTS11|ENSG00000127054|ENST00000478641|retained_intron|ENST00000478641.5:n.2630+17G>C||||||||,upstream_gene_variant|MODIFIER|ACAP3|ENSG00000131584|ENST00000479108|retained_intron|||||||||,intron_variant&non_coding_transcript_variant|MODIFIER|INTS11|ENSG00000127054|ENST00000485710|retained_intron|ENST00000485710.5:n.815+17G>C||||||||,downstream_gene_variant|MODIFIER|INTS11|ENSG00000127054|ENST00000488042|retained_intron|||||||||,downstream_gene_variant|MODIFIER|PUSL1|ENSG00000169972|ENST00000493657|retained_intron|||||||||,intron_variant&non_coding_transcript_variant|MODIFIER|INTS11|ENSG00000127054|ENST00000497304|retained_intron|ENST00000497304.6:n.475+17G>C||||||||,downstream_gene_variant|MODIFIER|INTS11|ENSG00000127054|ENST00000525164|retained_intron|||||||||,downstream_gene_variant|MODIFIER|INTS11|ENSG00000127054|ENST00000525603|retained_intron|||||||||,downstream_gene_variant|MODIFIER|INTS11|ENSG00000127054|ENST00000525769|retained_intron|||||||||,downstream_gene_variant|MODIFIER|INTS11|ENSG00000127054|ENST00000526113|retained_intron|||||||||,downstream_gene_variant|MODIFIER|INTS11|ENSG00000127054|ENST00000526332|protein_coding|||||||||,downstream_gene_variant|MODIFIER|INTS11|ENSG00000127054|ENST00000526797|nonsense_mediated_decay|||||||||,downstream_gene_variant|MODIFIER|INTS11|ENSG00000127054|ENST00000526904|retained_intron|||||||||,intron_variant&NMD_transcript_variant|MODIFIER|INTS11|ENSG00000127054|ENST00000527098|nonsense_mediated_decay|ENST00000527098.5:c.*1435+17G>C||||||||,downstream_gene_variant|MODIFIER|INTS11|ENSG00000127054|ENST00000527383|protein_coding_CDS_not_defined|||||||||,downstream_gene_variant|MODIFIER|INTS11|ENSG00000127054|ENST00000527719|protein_coding|||||||||,downstream_gene_variant|MODIFIER|INTS11|ENSG00000127054|ENST00000528879|nonsense_mediated_decay|||||||||,downstream_gene_variant|MODIFIER|INTS11|ENSG00000127054|ENST00000530031|protein_coding|||||||||,downstream_gene_variant|MODIFIER|INTS11|ENSG00000127054|ENST00000531020|retained_intron|||||||||,downstream_gene_variant|MODIFIER|INTS11|ENSG00000127054|ENST00000531292|retained_intron|||||||||,downstream_gene_variant|MODIFIER|INTS11|ENSG00000127054|ENST00000531377|nonsense_mediated_decay|||||||||,intron_variant&NMD_transcript_variant|MODIFIER|INTS11|ENSG00000127054|ENST00000532772|nonsense_mediated_decay|ENST00000532772.5:c.*1029+17G>C||||||||,downstream_gene_variant|MODIFIER|INTS11|ENSG00000127054|ENST00000533916|retained_intron|||||||||,intron_variant|MODIFIER|INTS11|ENSG00000127054|ENST00000540437|protein_coding|ENST00000540437.5:c.1625+17G>C||||||||,intron_variant|MODIFIER|INTS11|ENSG00000127054|ENST00000545578|protein_coding|ENST00000545578.5:c.1520+17G>C||||||||,downstream_gene_variant|MODIFIER|MIR6727|ENSG00000283712|ENST00000620702|miRNA|||YES||||||,intron_variant|MODIFIER|INTS11|ENSG00000127054|ENST00000620829|protein_coding|ENST00000620829.4:c.1313+17G>C||||||||,downstream_gene_variant|MODIFIER|PUSL1|ENSG00000169972|ENST00000706601|retained_intron|||||||||,downstream_gene_variant|MODIFIER|PUSL1|ENSG00000169972|ENST00000706602|retained_intron|||||||||,intron_variant|MODIFIER|INTS11|ENSG00000127054|ENST00000891836|protein_coding|ENST00000891836.1:c.1580+17G>C||||||||,intron_variant|MODIFIER|INTS11|ENSG00000127054|ENST00000891837|protein_coding|ENST00000891837.1:c.1670+17G>C||||||||,downstream_gene_variant|MODIFIER|PUSL1|ENSG00000169972|ENST00000892132|protein_coding|||||||||,downstream_gene_variant|MODIFIER|PUSL1|ENSG00000169972|ENST00000892133|protein_coding|||||||||,upstream_gene_variant|MODIFIER|ACAP3|ENSG00000131584|ENST00000892719|protein_coding|||||||||,upstream_gene_variant|MODIFIER|ACAP3|ENSG00000131584|ENST00000892720|protein_coding|||||||||,intron_variant|MODIFIER|INTS11|ENSG00000127054|ENST00000931667|protein_coding|ENST00000931667.1:c.1604+17G>C||||||||,intron_variant|MODIFIER|INTS11|ENSG00000127054|ENST00000931668|protein_coding|ENST00000931668.1:c.1499+17G>C||||||||,intron_variant|MODIFIER|INTS11|ENSG00000127054|ENST00000941695|protein_coding|ENST00000941695.1:c.1601+17G>C||||||||,upstream_gene_variant|MODIFIER|ACAP3|ENSG00000131584|ENST00000969099|protein_coding|||||||||,upstream_gene_variant|MODIFIER|ACAP3|ENSG00000131584|ENST00000969100|protein_coding|||||||||,upstream_gene_variant|MODIFIER|ACAP3|ENSG00000131584|ENST00000969101|protein_coding|||||||||,upstream_gene_variant|MODIFIER|ACAP3|ENSG00000131584|ENST00000969102|protein_coding|||||||||,upstream_gene_variant|MODIFIER|ACAP3|ENSG00000131584|ENST00000969103|protein_coding|||||||||,upstream_gene_variant|MODIFIER|ACAP3|ENSG00000131584|ENST00000969104|protein_coding|||||||||,upstream_gene_variant|MODIFIER|ACAP3|ENSG00000131584|ENST00000969105|protein_coding|||||||||,upstream_gene_variant|MODIFIER|ACAP3|ENSG00000131584|ENST00000969106|protein_coding|||||||||,upstream_gene_variant|MODIFIER|ACAP3|ENSG00000131584|ENST00000969107|protein_coding|||||||||,upstream_gene_variant|MODIFIER|ACAP3|ENSG00000131584|ENST00000969108|protein_coding|||||||||,upstream_gene_variant|MODIFIER|ACAP3|ENSG00000131584|ENST00000969109|protein_coding|||||||||,upstream_gene_variant|MODIFIER|ACAP3|ENSG00000131584|ENST00000969110|protein_coding|||||||||,upstream_gene_variant|MODIFIER|ACAP3|ENSG00000131584|ENST00000969111|protein_coding|||||||||	NA12878	0|1
1	1317020	.	C	T	intron_variant&non_coding_transcript_variant|MODIFIER|INTS11|ENSG00000127054|ENST00000323275|retained_intron|ENST00000323275.10:n.818-1402G>A||||||||,intron_variant|MODIFIER|INTS11|ENSG00000127054|ENST00000411962|protein_coding|ENST00000411962.5:c.136-1402G>A||||||||,intron_variant|MODIFIER|INTS11|ENSG00000127054|ENST00000419704|protein_coding|ENST00000419704.5:c.127-1402G>A||||||||,intron_variant|MODIFIER|INTS11|ENSG00000127054|ENST00000421495|protein_coding|ENST00000421495.6:c.-529-1402G>A||||||||,downstream_gene_variant|MODIFIER|INTS11|ENSG00000127054|ENST00000429572|protein_coding|||||||||,intron_variant&NMD_transcript_variant|MODIFIER|INTS11|ENSG00000127054|ENST00000430786|nonsense_mediated_decay|ENST00000430786.5:c.*308-1402G>A||||||||,intron_variant|MODIFIER|INTS11|ENSG00000127054|ENST00000434694|protein_coding|ENST00000434694.6:c.653+2052G>A||||||||,intron_variant|MODIFIER|INTS11|ENSG00000127054|ENST00000435064|protein_coding|ENST00000435064.6:c.430-1402G>A||YES||||||,downstream_gene_variant|MODIFIER||ENSG00000240731|ENST00000444968|lncRNA|||YES||||||,intron_variant|MODIFIER|INTS11|ENSG00000127054|ENST00000450926|protein_coding|ENST00000450926.6:c.430-1468G>A||||||||,intron_variant&NMD_transcript_variant|MODIFIER|INTS11|ENSG00000127054|ENST00000458452|nonsense_mediated_decay|ENST00000458452.7:c.*714-1402G>A||||||||,upstream_gene_variant|MODIFIER|INTS11|ENSG00000127054|ENST00000461514|retained_intron|||||||||,non_coding_transcript_exon_variant|MODIFIER|INTS11|ENSG00000127054|ENST00000462432|protein_coding_CDS_not_defined|ENST00000462432.5:n.431G>A||||||||,upstream_gene_variant|MODIFIER|INTS11|ENSG00000127054|ENST00000467408|retained_intron|||||||||,upstream_gene_variant|MODIFIER|INTS11|ENSG00000127054|ENST00000470030|retained_intron|||||||||,downstream_gene_variant|MODIFIER|INTS11|ENSG00000127054|ENST00000470679|nonsense_mediated_decay|||||||||,upstream_gene_variant|MODIFIER|INTS11|ENSG00000127054|ENST00000478641|retained_intron|||||||||,upstream_gene_variant|MODIFIER|INTS11|ENSG00000127054|ENST00000485710|retained_intron|||||||||,intron_variant&non_coding_transcript_variant|MODIFIER|INTS11|ENSG00000127054|ENST00000488042|retained_intron|ENST00000488042.6:n.451-1402G>A||||||||,downstream_gene_variant|MODIFIER|INTS11|ENSG00000127054|ENST00000490853|protein_coding_CDS_not_defined|||||||||,downstream_gene_variant|MODIFIER|INTS11|ENSG00000127054|ENST00000493534|protein_coding_CDS_not_defined|||||||||,downstream_gene_variant|MODIFIER|INTS11|ENSG00000127054|ENST00000496353|retained_intron|||||||||,upstream_gene_variant|MODIFIER|INTS11|ENSG00000127054|ENST00000497304|retained_intron|||||||||,downstream_gene_variant|MODIFIER|INTS11|ENSG00000127054|ENST00000498173|retained_intron|||||||||,downstream_gene_variant|MODIFIER|INTS11|ENSG00000127054|ENST00000498476|protein_coding|||||||||,upstream_gene_variant|MODIFIER|INTS11|ENSG00000127054|ENST00000525164|retained_intron|||||||||,downstream_gene_variant|MODIFIER|INTS11|ENSG00000127054|ENST00000525285|nonsense_mediated_decay|||||||||,intron_variant&non_coding_transcript_variant|MODIFIER|INTS11|ENSG00000127054|ENST00000525603|retained_intron|ENST00000525603.1:n.680-1402G>A||||||||,upstream_gene_variant|MODIFIER|INTS11|ENSG00000127054|ENST00000525769|retained_intron|||||||||,intron_variant&non_coding_transcript_variant|MODIFIER|INTS11|ENSG00000127054|ENST00000526113|retained_intron|ENST00000526113.1:n.58-1402G>A||||||||,intron_variant|MODIFIER|INTS11|ENSG00000127054|ENST00000526332|protein_coding|ENST00000526332.5:c.58-1402G>A||||||||,intron_variant&NMD_transcript_variant|MODIFIER|INTS11|ENSG00000127054|ENST00000526797|nonsense_mediated_decay|ENST00000526797.5:c.*93-1402G>A||||||||,intron_variant&non_coding_transcript_variant|MODIFIER|INTS11|ENSG00000127054|ENST00000526904|retained_intron|ENST00000526904.5:n.79-1402G>A||||||||,intron_variant&NMD_transcript_variant|MODIFIER|INTS11|ENSG00000127054|ENST00000527098|nonsense_mediated_decay|ENST00000527098.5:c.*258-1402G>A||||||||,upstream_gene_variant|MODIFIER|INTS11|ENSG00000127054|ENST00000527383|protein_coding_CDS_not_defined|||||||||,intron_variant|MODIFIER|INTS11|ENSG00000127054|ENST00000527719|protein_coding|ENST00000527719.5:c.448-1402G>A||||||||,intron_variant&NMD_transcript_variant|MODIFIER|INTS11|ENSG00000127054|ENST00000528879|nonsense_mediated_decay|ENST00000528879.5:c.430-1402G>A||||||||,intron_variant|MODIFIER|INTS11|ENSG00000127054|ENST00000530031|protein_coding|ENST00000530031.5:c.571-1402G>A||||||||,downstream_gene_variant|MODIFIER|INTS11|ENSG00000127054|ENST00000531019|nonsense_mediated_decay|||||||||,upstream_gene_variant|MODIFIER|INTS11|ENSG00000127054|ENST00000531020|retained_intron|||||||||,upstream_gene_variant|MODIFIER|INTS11|ENSG00000127054|ENST00000531292|retained_intron|||||||||,intron_variant&NMD_transcript_variant|MODIFIER|INTS11|ENSG00000127054|ENST00000531377|nonsense_mediated_decay|ENST00000531377.5:c.52-1402G>A||||||||,intron_variant&NMD_transcript_variant|MODIFIER|INTS11|ENSG00000127054|ENST00000532772|nonsense_mediated_decay|ENST00000532772.5:c.127-2058G>A||||||||,downstream_gene_variant|MODIFIER|INTS11|ENSG00000127054|ENST00000532952|protein_coding_CDS_not_defined|||||||||,upstream_gene_variant|MODIFIER|INTS11|ENSG00000127054|ENST00000533916|retained_intron|||||||||,downstream_gene_variant|MODIFIER|INTS11|ENSG00000127054|ENST00000534345|protein_coding|||||||||,intron_variant|MODIFIER|INTS11|ENSG00000127054|ENST00000540437|protein_coding|ENST00000540437.5:c.448-1402G>A||||||||,intron_variant|MODIFIER|INTS11|ENSG00000127054|ENST00000545578|protein_coding|ENST00000545578.5:c.343-1402G>A||||||||,upstream_gene_variant|MODIFIER|MIR6727|ENSG00000283712|ENST00000620702|miRNA|||YES||||||,intron_variant|MODIFIER|INTS11|ENSG00000127054|ENST00000620829|protein_coding|ENST00000620829.4:c.140-1406G>A||||||||,intron_variant|MODIFIER|INTS11|ENSG00000127054|ENST00000891836|protein_coding|ENST00000891836.1:c.430-1402G>A||||||||,intron_variant|MODIFIER|INTS11|ENSG00000127054|ENST00000891837|protein_coding|ENST00000891837.1:c.430-1402G>A||||||||,intron_variant|MODIFIER|INTS11|ENSG00000127054|ENST00000931667|protein_coding|ENST00000931667.1:c.430-1402G>A||||||||,intron_variant|MODIFIER|INTS11|ENSG00000127054|ENST00000931668|protein_coding|ENST00000931668.1:c.430-1402G>A||||||||,intron_variant|MODIFIER|INTS11|ENSG00000127054|ENST00000941695|protein_coding|ENST00000941695.1:c.532-1402G>A||||||||	NA12878	0|1
1	1421668	.	G	A	upstream_gene_variant|MODIFIER|TMEM88B|ENSG00000205116|ENST00000378821|protein_coding|||YES||||||,5_prime_UTR_variant|MODIFIER|ANKRD65|ENSG00000235098|ENST00000427211|protein_coding|ENST00000427211.3:c.-536C>T||||||||,intron_variant&non_coding_transcript_variant|MODIFIER|ANKRD65-AS1|ENSG00000225905|ENST00000428932|lncRNA|ENST00000428932.1:n.321-801G>A||YES||||||,upstream_gene_variant|MODIFIER|ANKRD65|ENSG00000235098|ENST00000442470|protein_coding|||||||||,upstream_gene_variant|MODIFIER|ANKRD65|ENSG00000235098|ENST00000454272|protein_coding|||||||||,upstream_gene_variant|MODIFIER|ANKRD65|ENSG00000235098|ENST00000520296|protein_coding|||||||||,upstream_gene_variant|MODIFIER|ANKRD65|ENSG00000235098|ENST00000537107|protein_coding|||YES||||||,upstream_gene_variant|MODIFIER|ANKRD65-AS1|ENSG00000225905|ENST00000781681|lncRNA|||||||||,upstream_gene_variant|MODIFIER|ANKRD65|ENSG00000235098|ENST00000897624|protein_coding|||||||||,upstream_gene_variant|MODIFIER|ANKRD65|ENSG00000235098|ENST00000961299|protein_coding|||||||||,regulatory_region_variant|MODIFIER|||ENSR1_B9LM|promoter|||||||||	NA12878	1|0
1	1427406	.	T	C	intron_variant|MODIFIER|TMEM88B|ENSG00000205116|ENST00000378821|protein_coding|ENST00000378821.4:c.259-148T>C||YES||||||,downstream_gene_variant|MODIFIER|LINC01770|ENSG00000225285|ENST00000417917|lncRNA|||YES||||||,downstream_gene_variant|MODIFIER|ANKRD65-AS1|ENSG00000225905|ENST00000428932|lncRNA|||YES||||||,downstream_gene_variant|MODIFIER|LINC01770|ENSG00000225285|ENST00000430109|lncRNA|||||||||,downstream_gene_variant|MODIFIER|LINC01770|ENSG00000225285|ENST00000434150|lncRNA|||||||||,downstream_gene_variant|MODIFIER|LINC01770|ENSG00000225285|ENST00000454562|lncRNA|||||||||,downstream_gene_variant|MODIFIER|LINC01770|ENSG00000225285|ENST00000729980|lncRNA|||||||||,downstream_gene_variant|MODIFIER|LINC01770|ENSG00000225285|ENST00000729981|lncRNA|||||||||,downstream_gene_variant|MODIFIER|LINC01770|ENSG00000225285|ENST00000729982|lncRNA|||||||||,downstream_gene_variant|MODIFIER|LINC01770|ENSG00000225285|ENST00000729983|lncRNA|||||||||,downstream_gene_variant|MODIFIER|LINC01770|ENSG00000225285|ENST00000729984|lncRNA|||||||||,downstream_gene_variant|MODIFIER|LINC01770|ENSG00000225285|ENST00000729985|lncRNA|||||||||,downstream_gene_variant|MODIFIER|LINC01770|ENSG00000225285|ENST00000729986|lncRNA|||||||||,downstream_gene_variant|MODIFIER|LINC01770|ENSG00000225285|ENST00000729987|lncRNA|||||||||,downstream_gene_variant|MODIFIER|LINC01770|ENSG00000225285|ENST00000729988|lncRNA|||||||||,downstream_gene_variant|MODIFIER|LINC01770|ENSG00000225285|ENST00000729989|lncRNA|||||||||,downstream_gene_variant|MODIFIER|LINC01770|ENSG00000225285|ENST00000729990|lncRNA|||||||||,downstream_gene_variant|MODIFIER|LINC01770|ENSG00000225285|ENST00000729991|lncRNA|||||||||,downstream_gene_variant|MODIFIER|LINC01770|ENSG00000225285|ENST00000729992|lncRNA|||||||||,downstream_gene_variant|MODIFIER|LINC01770|ENSG00000225285|ENST00000729993|lncRNA|||||||||,downstream_gene_variant|MODIFIER|LINC01770|ENSG00000225285|ENST00000729994|lncRNA|||||||||,downstream_gene_variant|MODIFIER|LINC01770|ENSG00000225285|ENST00000729995|lncRNA|||||||||,downstream_gene_variant|MODIFIER|LINC01770|ENSG00000225285|ENST00000729996|lncRNA|||||||||,downstream_gene_variant|MODIFIER|LINC01770|ENSG00000225285|ENST00000729997|lncRNA|||||||||,downstream_gene_variant|MODIFIER|LINC01770|ENSG00000225285|ENST00000729998|lncRNA|||||||||,downstream_gene_variant|MODIFIER|LINC01770|ENSG00000225285|ENST00000729999|lncRNA|||||||||,downstream_gene_variant|MODIFIER|LINC01770|ENSG00000225285|ENST00000730000|lncRNA|||||||||,downstream_gene_variant|MODIFIER|LINC01770|ENSG00000225285|ENST00000730001|lncRNA|||||||||,downstream_gene_variant|MODIFIER|LINC01770|ENSG00000225285|ENST00000730002|lncRNA|||||||||,downstream_gene_variant|MODIFIER|LINC01770|ENSG00000225285|ENST00000730003|lncRNA|||||||||,downstream_gene_variant|MODIFIER|LINC01770|ENSG00000225285|ENST00000730004|lncRNA|||||||||,downstream_gene_variant|MODIFIER|LINC01770|ENSG00000225285|ENST00000730005|lncRNA|||||||||,downstream_gene_variant|MODIFIER|LINC01770|ENSG00000225285|ENST00000730006|lncRNA|||||||||,downstream_gene_variant|MODIFIER|LINC01770|ENSG00000225285|ENST00000730007|lncRNA|||||||||,downstream_gene_variant|MODIFIER|LINC01770|ENSG00000225285|ENST00000730008|lncRNA|||||||||,downstream_gene_variant|MODIFIER|LINC01770|ENSG00000225285|ENST00000730009|lncRNA|||||||||,downstream_gene_variant|MODIFIER|LINC01770|ENSG00000225285|ENST00000730010|lncRNA|||||||||,downstream_gene_variant|MODIFIER|LINC01770|ENSG00000225285|ENST00000730011|lncRNA|||||||||,downstream_gene_variant|MODIFIER|LINC01770|ENSG00000225285|ENST00000730012|lncRNA|||||||||,downstream_gene_variant|MODIFIER|LINC01770|ENSG00000225285|ENST00000730013|lncRNA|||||||||,downstream_gene_variant|MODIFIER|LINC01770|ENSG00000225285|ENST00000730014|lncRNA|||||||||,downstream_gene_variant|MODIFIER|LINC01770|ENSG00000225285|ENST00000730015|lncRNA|||||||||,downstream_gene_variant|MODIFIER|LINC01770|ENSG00000225285|ENST00000730016|lncRNA|||||||||,downstream_gene_variant|MODIFIER|LINC01770|ENSG00000225285|ENST00000730017|lncRNA|||||||||,downstream_gene_variant|MODIFIER|ANKRD65-AS1|ENSG00000225905|ENST00000781681|lncRNA|||||||||	NA12878	0|1
1	1427474	.	C	T	intron_variant|MODIFIER|TMEM88B|ENSG00000205116|ENST00000378821|protein_coding|ENST00000378821.4:c.259-80C>T||YES||||||,downstream_gene_variant|MODIFIER|LINC01770|ENSG00000225285|ENST00000417917|lncRNA|||YES||||||,downstream_gene_variant|MODIFIER|ANKRD65-AS1|ENSG00000225905|ENST00000428932|lncRNA|||YES||||||,downstream_gene_variant|MODIFIER|LINC01770|ENSG00000225285|ENST00000430109|lncRNA|||||||||,downstream_gene_variant|MODIFIER|LINC01770|ENSG00000225285|ENST00000434150|lncRNA|||||||||,downstream_gene_variant|MODIFIER|LINC01770|ENSG00000225285|ENST00000454562|lncRNA|||||||||,downstream_gene_variant|MODIFIER|LINC01770|ENSG00000225285|ENST00000729980|lncRNA|||||||||,downstream_gene_variant|MODIFIER|LINC01770|ENSG00000225285|ENST00000729981|lncRNA|||||||||,downstream_gene_variant|MODIFIER|LINC01770|ENSG00000225285|ENST00000729982|lncRNA|||||||||,downstream_gene_variant|MODIFIER|LINC01770|ENSG00000225285|ENST00000729983|lncRNA|||||||||,downstream_gene_variant|MODIFIER|LINC01770|ENSG00000225285|ENST00000729984|lncRNA|||||||||,downstream_gene_variant|MODIFIER|LINC01770|ENSG00000225285|ENST00000729985|lncRNA|||||||||,downstream_gene_variant|MODIFIER|LINC01770|ENSG00000225285|ENST00000729986|lncRNA|||||||||,downstream_gene_variant|MODIFIER|LINC01770|ENSG00000225285|ENST00000729987|lncRNA|||||||||,downstream_gene_variant|MODIFIER|LINC01770|ENSG00000225285|ENST00000729988|lncRNA|||||||||,downstream_gene_variant|MODIFIER|LINC01770|ENSG00000225285|ENST00000729989|lncRNA|||||||||,downstream_gene_variant|MODIFIER|LINC01770|ENSG00000225285|ENST00000729990|lncRNA|||||||||,downstream_gene_variant|MODIFIER|LINC01770|ENSG00000225285|ENST00000729991|lncRNA|||||||||,downstream_gene_variant|MODIFIER|LINC01770|ENSG00000225285|ENST00000729992|lncRNA|||||||||,downstream_gene_variant|MODIFIER|LINC01770|ENSG00000225285|ENST00000729993|lncRNA|||||||||,downstream_gene_variant|MODIFIER|LINC01770|ENSG00000225285|ENST00000729994|lncRNA|||||||||,downstream_gene_variant|MODIFIER|LINC01770|ENSG00000225285|ENST00000729995|lncRNA|||||||||,downstream_gene_variant|MODIFIER|LINC01770|ENSG00000225285|ENST00000729996|lncRNA|||||||||,downstream_gene_variant|MODIFIER|LINC01770|ENSG00000225285|ENST00000729997|lncRNA|||||||||,downstream_gene_variant|MODIFIER|LINC01770|ENSG00000225285|ENST00000729998|lncRNA|||||||||,downstream_gene_variant|MODIFIER|LINC01770|ENSG00000225285|ENST00000729999|lncRNA|||||||||,downstream_gene_variant|MODIFIER|LINC01770|ENSG00000225285|ENST00000730000|lncRNA|||||||||,downstream_gene_variant|MODIFIER|LINC01770|ENSG00000225285|ENST00000730001|lncRNA|||||||||,downstream_gene_variant|MODIFIER|LINC01770|ENSG00000225285|ENST00000730002|lncRNA|||||||||,downstream_gene_variant|MODIFIER|LINC01770|ENSG00000225285|ENST00000730003|lncRNA|||||||||,downstream_gene_variant|MODIFIER|LINC01770|ENSG00000225285|ENST00000730004|lncRNA|||||||||,downstream_gene_variant|MODIFIER|LINC01770|ENSG00000225285|ENST00000730005|lncRNA|||||||||,downstream_gene_variant|MODIFIER|LINC01770|ENSG00000225285|ENST00000730006|lncRNA|||||||||,downstream_gene_variant|MODIFIER|LINC01770|ENSG00000225285|ENST00000730007|lncRNA|||||||||,downstream_gene_variant|MODIFIER|LINC01770|ENSG00000225285|ENST00000730008|lncRNA|||||||||,downstream_gene_variant|MODIFIER|LINC01770|ENSG00000225285|ENST00000730009|lncRNA|||||||||,downstream_gene_variant|MODIFIER|LINC01770|ENSG00000225285|ENST00000730010|lncRNA|||||||||,downstream_gene_variant|MODIFIER|LINC01770|ENSG00000225285|ENST00000730011|lncRNA|||||||||,downstream_gene_variant|MODIFIER|LINC01770|ENSG00000225285|ENST00000730012|lncRNA|||||||||,downstream_gene_variant|MODIFIER|LINC01770|ENSG00000225285|ENST00000730013|lncRNA|||||||||,downstream_gene_variant|MODIFIER|LINC01770|ENSG00000225285|ENST00000730014|lncRNA|||||||||,downstream_gene_variant|MODIFIER|LINC01770|ENSG00000225285|ENST00000730015|lncRNA|||||||||,downstream_gene_variant|MODIFIER|LINC01770|ENSG00000225285|ENST00000730016|lncRNA|||||||||,downstream_gene_variant|MODIFIER|LINC01770|ENSG00000225285|ENST00000730017|lncRNA|||||||||,downstream_gene_variant|MODIFIER|ANKRD65-AS1|ENSG00000225905|ENST00000781681|lncRNA|||||||||	NA12878	0|1
1	1448766	.	C	T	upstream_gene_variant|MODIFIER|ATAD3C|ENSG00000215915|ENST00000378785|protein_coding|||YES||||||,upstream_gene_variant|MODIFIER|ATAD3C|ENSG00000215915|ENST00000475091|protein_coding|||||||||	NA12878	0|1
1	1471663	.	A	C	upstream_gene_variant|MODIFIER|ATAD3B|ENSG00000160072|ENST00000308647|protein_coding|||||||||,downstream_gene_variant|MODIFIER|ATAD3C|ENSG00000215915|ENST00000378785|protein_coding|||YES||||||,downstream_gene_variant|MODIFIER|ATAD3C|ENSG00000215915|ENST00000484537|retained_intron|||||||||,upstream_gene_variant|MODIFIER|ATAD3B|ENSG00000160072|ENST00000673477|protein_coding|||YES||||||,upstream_gene_variant|MODIFIER|ATAD3B|ENSG00000160072|ENST00000940533|protein_coding|||||||||,upstream_gene_variant|MODIFIER|ATAD3B|ENSG00000160072|ENST00000940534|protein_coding|||||||||,upstream_gene_variant|MODIFIER|ATAD3B|ENSG00000160072|ENST00000940535|protein_coding|||||||||,upstream_gene_variant|MODIFIER|ATAD3B|ENSG00000160072|ENST00000940536|protein_coding|||||||||,regulatory_region_variant|MODIFIER|||ENSR1_B9TW|promoter|||||||||	NA19240	1|0
1	1605767	.	G	C	downstream_gene_variant|MODIFIER||ENSG00000286989|ENST00000658591|lncRNA|||||||||,intron_variant&non_coding_transcript_variant|MODIFIER||ENSG00000286989|ENST00000828256|lncRNA|ENST00000828256.1:n.168-1106G>C||YES||||||,downstream_gene_variant|MODIFIER||ENSG00000286989|ENST00000828257|lncRNA|||||||||	NA12878	0|1
1	1606559	.	C	G	downstream_gene_variant|MODIFIER||ENSG00000286989|ENST00000658591|lncRNA|||||||||,intron_variant&non_coding_transcript_variant|MODIFIER||ENSG00000286989|ENST00000828256|lncRNA|ENST00000828256.1:n.168-314C>G||YES||||||,downstream_gene_variant|MODIFIER||ENSG00000286989|ENST00000828257|lncRNA|||||||||	NA12878	0|1
1	1654012	.	GCAA	G	intron_variant|MODIFIER|CDK11B|ENSG00000248333|ENST00000340677|protein_coding|ENST00000340677.9:c.125+1354_125+1356del||||||||,intron_variant&non_coding_transcript_variant|MODIFIER|CDK11B|ENSG00000248333|ENST00000341028|protein_coding_CDS_not_defined|ENST00000341028.8:n.346+1354_346+1356del||||||||,intron_variant|MODIFIER|CDK11B|ENSG00000248333|ENST00000341832|protein_coding|ENST00000341832.11:c.227+1354_227+1356del||YES||||||,intron_variant|MODIFIER|CDK11B|ENSG00000248333|ENST00000407249|protein_coding|ENST00000407249.7:c.227+1354_227+1356del||||||||,intron_variant&NMD_transcript_variant|MODIFIER|CDK11B|ENSG00000248333|ENST00000611150|nonsense_mediated_decay|ENST00000611150.3:c.227+1354_227+1356del||||||||,intron_variant&NMD_transcript_variant|MODIFIER|CDK11B|ENSG00000248333|ENST00000615951|nonsense_mediated_decay|ENST00000615951.4:c.227+1354_227+1356del||||||||,intron_variant|MODIFIER|CDK11B|ENSG00000248333|ENST00000626918|protein_coding|ENST00000626918.2:c.227+1354_227+1356del||||||||,intron_variant|MODIFIER|CDK11B|ENSG00000248333|ENST00000629289|protein_coding|ENST00000629289.2:c.227+1354_227+1356del||||||||,intron_variant|MODIFIER|CDK11B|ENSG00000248333|ENST00000629312|protein_coding|ENST00000629312.2:c.227+1354_227+1356del||||||||,intron_variant|MODIFIER|CDK11B|ENSG00000248333|ENST00000892873|protein_coding|ENST00000892873.1:c.227+1354_227+1356del||||||||,intron_variant|MODIFIER|CDK11B|ENSG00000248333|ENST00000892874|protein_coding|ENST00000892874.1:c.227+1354_227+1356del||||||||,intron_variant|MODIFIER|CDK11B|ENSG00000248333|ENST00000892875|protein_coding|ENST00000892875.1:c.227+1354_227+1356del||||||||,intron_variant|MODIFIER|CDK11B|ENSG00000248333|ENST00000892876|protein_coding|ENST00000892876.1:c.227+1354_227+1356del||||||||,intron_variant|MODIFIER|CDK11B|ENSG00000248333|ENST00000892877|protein_coding|ENST00000892877.1:c.227+1354_227+1356del||||||||,intron_variant|MODIFIER|CDK11B|ENSG00000248333|ENST00000931742|protein_coding|ENST00000931742.1:c.159-1449_159-1447del||||||||,intron_variant|MODIFIER|CDK11B|ENSG00000248333|ENST00000931743|protein_coding|ENST00000931743.1:c.227+1354_227+1356del||||||||,intron_variant|MODIFIER|CDK11B|ENSG00000248333|ENST00000931744|protein_coding|ENST00000931744.1:c.227+1354_227+1356del||||||||,intron_variant|MODIFIER|CDK11B|ENSG00000248333|ENST00000931745|protein_coding|ENST00000931745.1:c.227+1354_227+1356del||||||||,intron_variant|MODIFIER|CDK11B|ENSG00000248333|ENST00000931746|protein_coding|ENST00000931746.1:c.227+1354_227+1356del||||||||	NA12878	0|1
1	1681370	.	T	G	intron_variant&non_coding_transcript_variant|MODIFIER|SLC35E2B|ENSG00000189339|ENST00000481276|retained_intron|ENST00000481276.1:n.262-4524A>C||||||||,intron_variant|MODIFIER|SLC35E2B|ENSG00000189339|ENST00000611123|protein_coding|ENST00000611123.1:c.-147-4524A>C||||||||,intron_variant|MODIFIER|SLC35E2B|ENSG00000189339|ENST00000614300|protein_coding|ENST00000614300.4:c.-147-4524A>C||||||||,intron_variant|MODIFIER|SLC35E2B|ENSG00000189339|ENST00000617444|protein_coding|ENST00000617444.5:c.-147-4524A>C||YES||||||,intron_variant|MODIFIER|SLC35E2B|ENSG00000189339|ENST00000904336|protein_coding|ENST00000904336.1:c.-147-4524A>C||||||||,upstream_gene_variant|MODIFIER|SLC35E2B|ENSG00000189339|ENST00000904337|protein_coding|||||||||,upstream_gene_variant|MODIFIER|SLC35E2B|ENSG00000189339|ENST00000904338|protein_coding|||||||||,upstream_gene_variant|MODIFIER|SLC35E2B|ENSG00000189339|ENST00000904339|protein_coding|||||||||,upstream_gene_variant|MODIFIER|SLC35E2B|ENSG00000189339|ENST00000904340|protein_coding|||||||||,intron_variant|MODIFIER|SLC35E2B|ENSG00000189339|ENST00000911898|protein_coding|ENST00000911898.1:c.-147-4524A>C||||||||,intron_variant|MODIFIER|SLC35E2B|ENSG00000189339|ENST00000911899|protein_coding|ENST00000911899.1:c.-147-4524A>C||||||||,intron_variant|MODIFIER|SLC35E2B|ENSG00000189339|ENST00000911900|protein_coding|ENST00000911900.1:c.-147-4524A>C||||||||,intron_variant|MODIFIER|SLC35E2B|ENSG00000189339|ENST00000911901|protein_coding|ENST00000911901.1:c.-148+2070A>C||||||||,upstream_gene_variant|MODIFIER|SLC35E2B|ENSG00000189339|ENST00000956985|protein_coding|||||||||	NA12878	0|1
1	1743556	.	A	G	intron_variant&non_coding_transcript_variant|MODIFIER||ENSG00000290854|ENST00000246421|lncRNA|ENST00000246421.4:n.269+2168T>C||||||||,upstream_gene_variant|MODIFIER|SLC35E2A|ENSG00000215790|ENST00000643943|transcribed_unprocessed_pseudogene|||YES||||||,intron_variant&non_coding_transcript_variant|MODIFIER||ENSG00000290854|ENST00000647043|lncRNA|ENST00000647043.1:n.614+695T>C||YES||||||,intron_variant&non_coding_transcript_variant|MODIFIER||ENSG00000290854|ENST00000847564|lncRNA|ENST00000847564.1:n.453+695T>C||||||||	NA12878	0|1
1	1795442	.	G	A	intron_variant|MODIFIER|GNB1|ENSG00000078369|ENST00000378609|protein_coding|ENST00000378609.9:c.431-2131C>T||YES||||||,intron_variant|MODIFIER|GNB1|ENSG00000078369|ENST00000434686|protein_coding|ENST00000434686.6:c.431-2131C>T||||||||,intron_variant|MODIFIER|GNB1|ENSG00000078369|ENST00000439272|protein_coding|ENST00000439272.7:c.392-2131C>T||||||||,upstream_gene_variant|MODIFIER|GNB1|ENSG00000078369|ENST00000461893|retained_intron|||||||||,intron_variant&non_coding_transcript_variant|MODIFIER|GNB1|ENSG00000078369|ENST00000471354|retained_intron|ENST00000471354.1:n.1035-2131C>T||||||||,intron_variant|MODIFIER|GNB1|ENSG00000078369|ENST00000610897|protein_coding|ENST00000610897.4:c.431-2131C>T||||||||,intron_variant|MODIFIER|GNB1|ENSG00000078369|ENST00000615252|protein_coding|ENST00000615252.5:c.131-2131C>T||||||||,intron_variant|MODIFIER|GNB1|ENSG00000078369|ENST00000703692|protein_coding|ENST00000703692.1:c.431-2131C>T||||||||,intron_variant|MODIFIER|GNB1|ENSG00000078369|ENST00000703693|protein_coding|ENST00000703693.1:c.431-2131C>T||||||||,intron_variant|MODIFIER|GNB1|ENSG00000078369|ENST00000703694|protein_coding|ENST00000703694.1:c.431-2131C>T||||||||,intron_variant&NMD_transcript_variant|MODIFIER|GNB1|ENSG00000078369|ENST00000703695|nonsense_mediated_decay|ENST00000703695.1:c.431-2131C>T||||||||,intron_variant|MODIFIER|GNB1|ENSG00000078369|ENST00000703696|protein_coding|ENST00000703696.1:c.431-2131C>T||||||||,intron_variant|MODIFIER|GNB1|ENSG00000078369|ENST00000703697|protein_coding|ENST00000703697.1:c.431-2131C>T||||||||,intron_variant|MODIFIER|GNB1|ENSG00000078369|ENST00000703699|protein_coding|ENST00000703699.1:c.431-2131C>T||||||||,intron_variant|MODIFIER|GNB1|ENSG00000078369|ENST00000703700|protein_coding|ENST00000703700.1:c.431-2131C>T||||||||,intron_variant|MODIFIER|GNB1|ENSG00000078369|ENST00000703701|protein_coding|ENST00000703701.1:c.431-2131C>T||||||||,intron_variant|MODIFIER|GNB1|ENSG00000078369|ENST00000703702|protein_coding|ENST00000703702.1:c.431-2131C>T||||||||,intron_variant|MODIFIER|GNB1|ENSG00000078369|ENST00000703703|protein_coding|ENST00000703703.1:c.431-2131C>T||||||||,intron_variant|MODIFIER|GNB1|ENSG00000078369|ENST00000703704|protein_coding|ENST00000703704.1:c.431-2131C>T||||||||,intron_variant|MODIFIER|GNB1|ENSG00000078369|ENST00000703705|protein_coding|ENST00000703705.1:c.299-2131C>T||||||||,intron_variant|MODIFIER|GNB1|ENSG00000078369|ENST00000703706|protein_coding|ENST00000703706.1:c.431-2131C>T||||||||,intron_variant|MODIFIER|GNB1|ENSG00000078369|ENST00000703707|protein_coding|ENST00000703707.1:c.392-2131C>T||||||||,intron_variant|MODIFIER|GNB1|ENSG00000078369|ENST00000703708|protein_coding|ENST00000703708.1:c.431-2131C>T||||||||,intron_variant|MODIFIER|GNB1|ENSG00000078369|ENST00000703709|protein_coding|ENST00000703709.1:c.431-2131C>T||||||||,intron_variant|MODIFIER|GNB1|ENSG00000078369|ENST00000703710|protein_coding|ENST00000703710.1:c.431-2131C>T||||||||,intron_variant|MODIFIER|GNB1|ENSG00000078369|ENST00000703711|protein_coding|ENST00000703711.1:c.431-2131C>T||||||||,intron_variant&non_coding_transcript_variant|MODIFIER||ENSG00000302550|ENST00000787789|lncRNA|ENST00000787789.1:n.205-374G>A||YES||||||,intron_variant|MODIFIER|GNB1|ENSG00000078369|ENST00000899366|protein_coding|ENST00000899366.1:c.431-2131C>T||||||||,intron_variant|MODIFIER|GNB1|ENSG00000078369|ENST00000899367|protein_coding|ENST00000899367.1:c.431-2131C>T||||||||,intron_variant|MODIFIER|GNB1|ENSG00000078369|ENST00000899368|protein_coding|ENST00000899368.1:c.431-2131C>T||||||||,intron_variant|MODIFIER|GNB1|ENSG00000078369|ENST00000899369|protein_coding|ENST00000899369.1:c.431-2131C>T||||||||,intron_variant|MODIFIER|GNB1|ENSG00000078369|ENST00000899370|protein_coding|ENST00000899370.1:c.431-2131C>T||||||||,intron_variant|MODIFIER|GNB1|ENSG00000078369|ENST00000899371|protein_coding|ENST00000899371.1:c.431-2131C>T||||||||,intron_variant|MODIFIER|GNB1|ENSG00000078369|ENST00000899372|protein_coding|ENST00000899372.1:c.431-2131C>T||||||||,intron_variant|MODIFIER|GNB1|ENSG00000078369|ENST00000899373|protein_coding|ENST00000899373.1:c.431-2131C>T||||||||,intron_variant|MODIFIER|GNB1|ENSG00000078369|ENST00000899374|protein_coding|ENST00000899374.1:c.431-2131C>T||||||||,intron_variant|MODIFIER|GNB1|ENSG00000078369|ENST00000899375|protein_coding|ENST00000899375.1:c.431-2131C>T||||||||,intron_variant|MODIFIER|GNB1|ENSG00000078369|ENST00000899376|protein_coding|ENST00000899376.1:c.431-2131C>T||||||||,intron_variant|MODIFIER|GNB1|ENSG00000078369|ENST00000899377|protein_coding|ENST00000899377.1:c.431-2131C>T||||||||,intron_variant|MODIFIER|GNB1|ENSG00000078369|ENST00000899378|protein_coding|ENST00000899378.1:c.431-2131C>T||||||||,intron_variant|MODIFIER|GNB1|ENSG00000078369|ENST00000899379|protein_coding|ENST00000899379.1:c.431-2131C>T||||||||,intron_variant|MODIFIER|GNB1|ENSG00000078369|ENST00000899380|protein_coding|ENST00000899380.1:c.431-2131C>T||||||||,intron_variant|MODIFIER|GNB1|ENSG00000078369|ENST00000899381|protein_coding|ENST00000899381.1:c.431-2131C>T||||||||,intron_variant|MODIFIER|GNB1|ENSG00000078369|ENST00000899382|protein_coding|ENST00000899382.1:c.431-2131C>T||||||||,intron_variant|MODIFIER|GNB1|ENSG00000078369|ENST00000899383|protein_coding|ENST00000899383.1:c.431-2131C>T||||||||,intron_variant|MODIFIER|GNB1|ENSG00000078369|ENST00000899384|protein_coding|ENST00000899384.1:c.431-2131C>T||||||||,intron_variant|MODIFIER|GNB1|ENSG00000078369|ENST00000899385|protein_coding|ENST00000899385.1:c.431-2131C>T||||||||,intron_variant|MODIFIER|GNB1|ENSG00000078369|ENST00000899386|protein_coding|ENST00000899386.1:c.431-2131C>T||||||||,intron_variant|MODIFIER|GNB1|ENSG00000078369|ENST00000899387|protein_coding|ENST00000899387.1:c.431-2131C>T||||||||,intron_variant|MODIFIER|GNB1|ENSG00000078369|ENST00000899388|protein_coding|ENST00000899388.1:c.431-2131C>T||||||||,intron_variant|MODIFIER|GNB1|ENSG00000078369|ENST00000899389|protein_coding|ENST00000899389.1:c.431-2131C>T||||||||,intron_variant|MODIFIER|GNB1|ENSG00000078369|ENST00000916682|protein_coding|ENST00000916682.1:c.431-2131C>T||||||||,intron_variant|MODIFIER|GNB1|ENSG00000078369|ENST00000916683|protein_coding|ENST00000916683.1:c.431-2131C>T||||||||,intron_variant|MODIFIER|GNB1|ENSG00000078369|ENST00000916684|protein_coding|ENST00000916684.1:c.431-2131C>T||||||||,intron_variant|MODIFIER|GNB1|ENSG00000078369|ENST00000916685|protein_coding|ENST00000916685.1:c.431-2131C>T||||||||,intron_variant|MODIFIER|GNB1|ENSG00000078369|ENST00000916686|protein_coding|ENST00000916686.1:c.431-2131C>T||||||||,intron_variant|MODIFIER|GNB1|ENSG00000078369|ENST00000916687|protein_coding|ENST00000916687.1:c.431-2131C>T||||||||,intron_variant|MODIFIER|GNB1|ENSG00000078369|ENST00000916688|protein_coding|ENST00000916688.1:c.431-2131C>T||||||||,intron_variant|MODIFIER|GNB1|ENSG00000078369|ENST00000916689|protein_coding|ENST00000916689.1:c.431-2131C>T||||||||,intron_variant|MODIFIER|GNB1|ENSG00000078369|ENST00000916690|protein_coding|ENST00000916690.1:c.431-2131C>T||||||||,intron_variant|MODIFIER|GNB1|ENSG00000078369|ENST00000916691|protein_coding|ENST00000916691.1:c.431-2131C>T||||||||,intron_variant|MODIFIER|GNB1|ENSG00000078369|ENST00000916692|protein_coding|ENST00000916692.1:c.431-2131C>T||||||||,intron_variant|MODIFIER|GNB1|ENSG00000078369|ENST00000916693|protein_coding|ENST00000916693.1:c.431-2131C>T||||||||,intron_variant|MODIFIER|GNB1|ENSG00000078369|ENST00000916694|protein_coding|ENST00000916694.1:c.204-4846C>T||||||||,intron_variant|MODIFIER|GNB1|ENSG00000078369|ENST00000916695|protein_coding|ENST00000916695.1:c.431-2131C>T||||||||,intron_variant|MODIFIER|GNB1|ENSG00000078369|ENST00000916696|protein_coding|ENST00000916696.1:c.431-2131C>T||||||||,intron_variant|MODIFIER|GNB1|ENSG00000078369|ENST00000916697|protein_coding|ENST00000916697.1:c.431-2131C>T||||||||,intron_variant|MODIFIER|GNB1|ENSG00000078369|ENST00000916698|protein_coding|ENST00000916698.1:c.431-2131C>T||||||||,intron_variant|MODIFIER|GNB1|ENSG00000078369|ENST00000916699|protein_coding|ENST00000916699.1:c.431-2131C>T||||||||,intron_variant|MODIFIER|GNB1|ENSG00000078369|ENST00000916700|protein_coding|ENST00000916700.1:c.431-2131C>T||||||||,intron_variant|MODIFIER|GNB1|ENSG00000078369|ENST00000916701|protein_coding|ENST00000916701.1:c.431-2131C>T||||||||,intron_variant|MODIFIER|GNB1|ENSG00000078369|ENST00000916702|protein_coding|ENST00000916702.1:c.431-2131C>T||||||||,intron_variant|MODIFIER|GNB1|ENSG00000078369|ENST00000916703|protein_coding|ENST00000916703.1:c.431-2131C>T||||||||,intron_variant|MODIFIER|GNB1|ENSG00000078369|ENST00000916704|protein_coding|ENST00000916704.1:c.431-2131C>T||||||||,intron_variant|MODIFIER|GNB1|ENSG00000078369|ENST00000916705|protein_coding|ENST00000916705.1:c.431-2131C>T||||||||,intron_variant|MODIFIER|GNB1|ENSG00000078369|ENST00000916706|protein_coding|ENST00000916706.1:c.431-2131C>T||||||||,intron_variant|MODIFIER|GNB1|ENSG00000078369|ENST00000916707|protein_coding|ENST00000916707.1:c.431-2131C>T||||||||,intron_variant|MODIFIER|GNB1|ENSG00000078369|ENST00000916708|protein_coding|ENST00000916708.1:c.431-2131C>T||||||||,intron_variant|MODIFIER|GNB1|ENSG00000078369|ENST00000916709|protein_coding|ENST00000916709.1:c.431-2131C>T||||||||,intron_variant|MODIFIER|GNB1|ENSG00000078369|ENST00000916710|protein_coding|ENST00000916710.1:c.431-2131C>T||||||||,intron_variant|MODIFIER|GNB1|ENSG00000078369|ENST00000916711|protein_coding|ENST00000916711.1:c.431-2131C>T||||||||,intron_variant|MODIFIER|GNB1|ENSG00000078369|ENST00000916712|protein_coding|ENST00000916712.1:c.431-2131C>T||||||||,intron_variant|MODIFIER|GNB1|ENSG00000078369|ENST00000916713|protein_coding|ENST00000916713.1:c.431-2131C>T||||||||,intron_variant|MODIFIER|GNB1|ENSG00000078369|ENST00000916714|protein_coding|ENST00000916714.1:c.431-2131C>T||||||||,intron_variant|MODIFIER|GNB1|ENSG00000078369|ENST00000916715|protein_coding|ENST00000916715.1:c.431-2131C>T||||||||,intron_variant|MODIFIER|GNB1|ENSG00000078369|ENST00000947516|protein_coding|ENST00000947516.1:c.431-2131C>T||||||||,intron_variant|MODIFIER|GNB1|ENSG00000078369|ENST00000947517|protein_coding|ENST00000947517.1:c.431-2131C>T||||||||,intron_variant|MODIFIER|GNB1|ENSG00000078369|ENST00000947518|protein_coding|ENST00000947518.1:c.431-2131C>T||||||||,intron_variant|MODIFIER|GNB1|ENSG00000078369|ENST00000947519|protein_coding|ENST00000947519.1:c.431-2131C>T||||||||,intron_variant|MODIFIER|GNB1|ENSG00000078369|ENST00000947520|protein_coding|ENST00000947520.1:c.484+1699C>T||||||||,intron_variant|MODIFIER|GNB1|ENSG00000078369|ENST00000947521|protein_coding|ENST00000947521.1:c.431-2131C>T||||||||,intron_variant|MODIFIER|GNB1|ENSG00000078369|ENST00000947522|protein_coding|ENST00000947522.1:c.431-2131C>T||||||||,intron_variant|MODIFIER|GNB1|ENSG00000078369|ENST00000947523|protein_coding|ENST00000947523.1:c.431-2131C>T||||||||,intron_variant|MODIFIER|GNB1|ENSG00000078369|ENST00000947524|protein_coding|ENST00000947524.1:c.466+1699C>T||||||||,intron_variant|MODIFIER|GNB1|ENSG00000078369|ENST00000947525|protein_coding|ENST00000947525.1:c.431-2131C>T||||||||,intron_variant|MODIFIER|GNB1|ENSG00000078369|ENST00000947526|protein_coding|ENST00000947526.1:c.431-2131C>T||||||||,intron_variant|MODIFIER|GNB1|ENSG00000078369|ENST00000947527|protein_coding|ENST00000947527.1:c.431-2131C>T||||||||,intron_variant|MODIFIER|GNB1|ENSG00000078369|ENST00000947528|protein_coding|ENST00000947528.1:c.431-2131C>T||||||||,intron_variant|MODIFIER|GNB1|ENSG00000078369|ENST00000947529|protein_coding|ENST00000947529.1:c.431-2131C>T||||||||,intron_variant|MODIFIER|GNB1|ENSG00000078369|ENST00000947530|protein_coding|ENST00000947530.1:c.431-2131C>T||||||||,intron_variant|MODIFIER|GNB1|ENSG00000078369|ENST00000947531|protein_coding|ENST00000947531.1:c.431-2131C>T||||||||,intron_variant|MODIFIER|GNB1|ENSG00000078369|ENST00000947532|protein_coding|ENST00000947532.1:c.431-2131C>T||||||||,intron_variant|MODIFIER|GNB1|ENSG00000078369|ENST00000947533|protein_coding|ENST00000947533.1:c.431-2131C>T||||||||,intron_variant|MODIFIER|GNB1|ENSG00000078369|ENST00000947534|protein_coding|ENST00000947534.1:c.431-2131C>T||||||||,intron_variant|MODIFIER|GNB1|ENSG00000078369|ENST00000947535|protein_coding|ENST00000947535.1:c.431-2131C>T||||||||,intron_variant|MODIFIER|GNB1|ENSG00000078369|ENST00000947536|protein_coding|ENST00000947536.1:c.431-2131C>T||||||||,intron_variant|MODIFIER|GNB1|ENSG00000078369|ENST00000947537|protein_coding|ENST00000947537.1:c.431-2131C>T||||||||,intron_variant|MODIFIER|GNB1|ENSG00000078369|ENST00000947538|protein_coding|ENST00000947538.1:c.466+1699C>T||||||||,intron_variant|MODIFIER|GNB1|ENSG00000078369|ENST00000947539|protein_coding|ENST00000947539.1:c.431-2131C>T||||||||,intron_variant|MODIFIER|GNB1|ENSG00000078369|ENST00000947540|protein_coding|ENST00000947540.1:c.431-2131C>T||||||||,intron_variant|MODIFIER|GNB1|ENSG00000078369|ENST00000947541|protein_coding|ENST00000947541.1:c.431-2131C>T||||||||	NA12878	0|1
1	1820247	.	T	C	intron_variant|MODIFIER|GNB1|ENSG00000078369|ENST00000378609|protein_coding|ENST00000378609.9:c.58-2372A>G||YES||||||,intron_variant|MODIFIER|GNB1|ENSG00000078369|ENST00000434686|protein_coding|ENST00000434686.6:c.58-2372A>G||||||||,intron_variant|MODIFIER|GNB1|ENSG00000078369|ENST00000437146|protein_coding|ENST00000437146.1:c.58-2372A>G||||||||,intron_variant|MODIFIER|GNB1|ENSG00000078369|ENST00000439272|protein_coding|ENST00000439272.7:c.58-4385A>G||||||||,upstream_gene_variant|MODIFIER|GNB1|ENSG00000078369|ENST00000471354|retained_intron|||||||||,downstream_gene_variant|MODIFIER|GNB1|ENSG00000078369|ENST00000472614|protein_coding_CDS_not_defined|||||||||,downstream_gene_variant|MODIFIER|GNB1|ENSG00000078369|ENST00000607589|retained_intron|||||||||,intron_variant|MODIFIER|GNB1|ENSG00000078369|ENST00000610897|protein_coding|ENST00000610897.4:c.58-2372A>G||||||||,intron_variant|MODIFIER|GNB1|ENSG00000078369|ENST00000615252|protein_coding|ENST00000615252.5:c.-98+5150A>G||||||||,intron_variant|MODIFIER|GNB1|ENSG00000078369|ENST00000703692|protein_coding|ENST00000703692.1:c.58-2372A>G||||||||,intron_variant|MODIFIER|GNB1|ENSG00000078369|ENST00000703693|protein_coding|ENST00000703693.1:c.58-2372A>G||||||||,intron_variant|MODIFIER|GNB1|ENSG00000078369|ENST00000703694|protein_coding|ENST00000703694.1:c.58-2372A>G||||||||,intron_variant&NMD_transcript_variant|MODIFIER|GNB1|ENSG00000078369|ENST00000703695|nonsense_mediated_decay|ENST00000703695.1:c.58-2372A>G||||||||,intron_variant|MODIFIER|GNB1|ENSG00000078369|ENST00000703696|protein_coding|ENST00000703696.1:c.58-2372A>G||||||||,intron_variant|MODIFIER|GNB1|ENSG00000078369|ENST00000703697|protein_coding|ENST00000703697.1:c.58-2372A>G||||||||,intron_variant|MODIFIER|GNB1|ENSG00000078369|ENST00000703699|protein_coding|ENST00000703699.1:c.58-2372A>G||||||||,intron_variant|MODIFIER|GNB1|ENSG00000078369|ENST00000703700|protein_coding|ENST00000703700.1:c.58-2372A>G||||||||,intron_variant|MODIFIER|GNB1|ENSG00000078369|ENST00000703701|protein_coding|ENST00000703701.1:c.58-2372A>G||||||||,intron_variant|MODIFIER|GNB1|ENSG00000078369|ENST00000703702|protein_coding|ENST00000703702.1:c.58-2372A>G||||||||,intron_variant|MODIFIER|GNB1|ENSG00000078369|ENST00000703703|protein_coding|ENST00000703703.1:c.58-2372A>G||||||||,intron_variant|MODIFIER|GNB1|ENSG00000078369|ENST00000703704|protein_coding|ENST00000703704.1:c.58-2372A>G||||||||,intron_variant|MODIFIER|GNB1|ENSG00000078369|ENST00000703705|protein_coding|ENST00000703705.1:c.-75-2372A>G||||||||,intron_variant|MODIFIER|GNB1|ENSG00000078369|ENST00000703706|protein_coding|ENST00000703706.1:c.58-2372A>G||||||||,intron_variant|MODIFIER|GNB1|ENSG00000078369|ENST00000703707|protein_coding|ENST00000703707.1:c.58-4385A>G||||||||,intron_variant|MODIFIER|GNB1|ENSG00000078369|ENST00000703708|protein_coding|ENST00000703708.1:c.58-2372A>G||||||||,intron_variant|MODIFIER|GNB1|ENSG00000078369|ENST00000703709|protein_coding|ENST00000703709.1:c.58-2372A>G||||||||,intron_variant|MODIFIER|GNB1|ENSG00000078369|ENST00000703710|protein_coding|ENST00000703710.1:c.58-2372A>G||||||||,intron_variant|MODIFIER|GNB1|ENSG00000078369|ENST00000703711|protein_coding|ENST00000703711.1:c.58-2372A>G||||||||,intron_variant|MODIFIER|GNB1|ENSG00000078369|ENST00000899366|protein_coding|ENST00000899366.1:c.58-2372A>G||||||||,intron_variant|MODIFIER|GNB1|ENSG00000078369|ENST00000899367|protein_coding|ENST00000899367.1:c.58-2372A>G||||||||,intron_variant|MODIFIER|GNB1|ENSG00000078369|ENST00000899368|protein_coding|ENST00000899368.1:c.58-2372A>G||||||||,intron_variant|MODIFIER|GNB1|ENSG00000078369|ENST00000899369|protein_coding|ENST00000899369.1:c.58-2372A>G||||||||,intron_variant|MODIFIER|GNB1|ENSG00000078369|ENST00000899370|protein_coding|ENST00000899370.1:c.58-2372A>G||||||||,intron_variant|MODIFIER|GNB1|ENSG00000078369|ENST00000899371|protein_coding|ENST00000899371.1:c.58-2372A>G||||||||,intron_variant|MODIFIER|GNB1|ENSG00000078369|ENST00000899372|protein_coding|ENST00000899372.1:c.58-2372A>G||||||||,intron_variant|MODIFIER|GNB1|ENSG00000078369|ENST00000899373|protein_coding|ENST00000899373.1:c.58-2372A>G||||||||,intron_variant|MODIFIER|GNB1|ENSG00000078369|ENST00000899374|protein_coding|ENST00000899374.1:c.58-2372A>G||||||||,intron_variant|MODIFIER|GNB1|ENSG00000078369|ENST00000899375|protein_coding|ENST00000899375.1:c.58-2372A>G||||||||,intron_variant|MODIFIER|GNB1|ENSG00000078369|ENST00000899376|protein_coding|ENST00000899376.1:c.58-2372A>G||||||||,intron_variant|MODIFIER|GNB1|ENSG00000078369|ENST00000899377|protein_coding|ENST00000899377.1:c.58-2372A>G||||||||,intron_variant|MODIFIER|GNB1|ENSG00000078369|ENST00000899378|protein_coding|ENST00000899378.1:c.58-2372A>G||||||||,intron_variant|MODIFIER|GNB1|ENSG00000078369|ENST00000899379|protein_coding|ENST00000899379.1:c.58-2372A>G||||||||,intron_variant|MODIFIER|GNB1|ENSG00000078369|ENST00000899380|protein_coding|ENST00000899380.1:c.58-2372A>G||||||||,intron_variant|MODIFIER|GNB1|ENSG00000078369|ENST00000899381|protein_coding|ENST00000899381.1:c.58-2372A>G||||||||,intron_variant|MODIFIER|GNB1|ENSG00000078369|ENST00000899382|protein_coding|ENST00000899382.1:c.58-2372A>G||||||||,intron_variant|MODIFIER|GNB1|ENSG00000078369|ENST00000899383|protein_coding|ENST00000899383.1:c.58-2372A>G||||||||,intron_variant|MODIFIER|GNB1|ENSG00000078369|ENST00000899384|protein_coding|ENST00000899384.1:c.58-2372A>G||||||||,intron_variant|MODIFIER|GNB1|ENSG00000078369|ENST00000899385|protein_coding|ENST00000899385.1:c.58-2372A>G||||||||,intron_variant|MODIFIER|GNB1|ENSG00000078369|ENST00000899386|protein_coding|ENST00000899386.1:c.58-2372A>G||||||||,intron_variant|MODIFIER|GNB1|ENSG00000078369|ENST00000899387|protein_coding|ENST00000899387.1:c.58-2372A>G||||||||,intron_variant|MODIFIER|GNB1|ENSG00000078369|ENST00000899388|protein_coding|ENST00000899388.1:c.58-2372A>G||||||||,intron_variant|MODIFIER|GNB1|ENSG00000078369|ENST00000899389|protein_coding|ENST00000899389.1:c.58-2372A>G||||||||,intron_variant|MODIFIER|GNB1|ENSG00000078369|ENST00000916682|protein_coding|ENST00000916682.1:c.58-2372A>G||||||||,intron_variant|MODIFIER|GNB1|ENSG00000078369|ENST00000916683|protein_coding|ENST00000916683.1:c.58-2372A>G||||||||,intron_variant|MODIFIER|GNB1|ENSG00000078369|ENST00000916684|protein_coding|ENST00000916684.1:c.58-2372A>G||||||||,intron_variant|MODIFIER|GNB1|ENSG00000078369|ENST00000916685|protein_coding|ENST00000916685.1:c.58-2372A>G||||||||,intron_variant|MODIFIER|GNB1|ENSG00000078369|ENST00000916686|protein_coding|ENST00000916686.1:c.58-2372A>G||||||||,intron_variant|MODIFIER|GNB1|ENSG00000078369|ENST00000916687|protein_coding|ENST00000916687.1:c.58-2372A>G||||||||,intron_variant|MODIFIER|GNB1|ENSG00000078369|ENST00000916688|protein_coding|ENST00000916688.1:c.58-2372A>G||||||||,intron_variant|MODIFIER|GNB1|ENSG00000078369|ENST00000916689|protein_coding|ENST00000916689.1:c.58-2372A>G||||||||,intron_variant|MODIFIER|GNB1|ENSG00000078369|ENST00000916690|protein_coding|ENST00000916690.1:c.58-2372A>G||||||||,intron_variant|MODIFIER|GNB1|ENSG00000078369|ENST00000916691|protein_coding|ENST00000916691.1:c.58-2372A>G||||||||,intron_variant|MODIFIER|GNB1|ENSG00000078369|ENST00000916692|protein_coding|ENST00000916692.1:c.58-2372A>G||||||||,intron_variant|MODIFIER|GNB1|ENSG00000078369|ENST00000916693|protein_coding|ENST00000916693.1:c.58-2372A>G||||||||,intron_variant|MODIFIER|GNB1|ENSG00000078369|ENST00000916694|protein_coding|ENST00000916694.1:c.58-2372A>G||||||||,intron_variant|MODIFIER|GNB1|ENSG00000078369|ENST00000916695|protein_coding|ENST00000916695.1:c.58-2372A>G||||||||,intron_variant|MODIFIER|GNB1|ENSG00000078369|ENST00000916696|protein_coding|ENST00000916696.1:c.58-2372A>G||||||||,intron_variant|MODIFIER|GNB1|ENSG00000078369|ENST00000916697|protein_coding|ENST00000916697.1:c.58-2372A>G||||||||,intron_variant|MODIFIER|GNB1|ENSG00000078369|ENST00000916698|protein_coding|ENST00000916698.1:c.58-2372A>G||||||||,intron_variant|MODIFIER|GNB1|ENSG00000078369|ENST00000916699|protein_coding|ENST00000916699.1:c.58-2372A>G||||||||,intron_variant|MODIFIER|GNB1|ENSG00000078369|ENST00000916700|protein_coding|ENST00000916700.1:c.58-2372A>G||||||||,intron_variant|MODIFIER|GNB1|ENSG00000078369|ENST00000916701|protein_coding|ENST00000916701.1:c.58-2372A>G||||||||,intron_variant|MODIFIER|GNB1|ENSG00000078369|ENST00000916702|protein_coding|ENST00000916702.1:c.58-2372A>G||||||||,intron_variant|MODIFIER|GNB1|ENSG00000078369|ENST00000916703|protein_coding|ENST00000916703.1:c.58-2372A>G||||||||,intron_variant|MODIFIER|GNB1|ENSG00000078369|ENST00000916704|protein_coding|ENST00000916704.1:c.58-2372A>G||||||||,intron_variant|MODIFIER|GNB1|ENSG00000078369|ENST00000916705|protein_coding|ENST00000916705.1:c.58-2372A>G||||||||,intron_variant|MODIFIER|GNB1|ENSG00000078369|ENST00000916706|protein_coding|ENST00000916706.1:c.58-2372A>G||||||||,intron_variant|MODIFIER|GNB1|ENSG00000078369|ENST00000916707|protein_coding|ENST00000916707.1:c.58-2372A>G||||||||,intron_variant|MODIFIER|GNB1|ENSG00000078369|ENST00000916708|protein_coding|ENST00000916708.1:c.58-2372A>G||||||||,intron_variant|MODIFIER|GNB1|ENSG00000078369|ENST00000916709|protein_coding|ENST00000916709.1:c.58-2372A>G||||||||,intron_variant|MODIFIER|GNB1|ENSG00000078369|ENST00000916710|protein_coding|ENST00000916710.1:c.58-2372A>G||||||||,intron_variant|MODIFIER|GNB1|ENSG00000078369|ENST00000916711|protein_coding|ENST00000916711.1:c.58-2372A>G||||||||,intron_variant|MODIFIER|GNB1|ENSG00000078369|ENST00000916712|protein_coding|ENST00000916712.1:c.58-2372A>G||||||||,intron_variant|MODIFIER|GNB1|ENSG00000078369|ENST00000916713|protein_coding|ENST00000916713.1:c.58-2372A>G||||||||,intron_variant|MODIFIER|GNB1|ENSG00000078369|ENST00000916714|protein_coding|ENST00000916714.1:c.58-2372A>G||||||||,intron_variant|MODIFIER|GNB1|ENSG00000078369|ENST00000916715|protein_coding|ENST00000916715.1:c.58-2372A>G||||||||,intron_variant|MODIFIER|GNB1|ENSG00000078369|ENST00000947516|protein_coding|ENST00000947516.1:c.58-2372A>G||||||||,intron_variant|MODIFIER|GNB1|ENSG00000078369|ENST00000947517|protein_coding|ENST00000947517.1:c.58-2372A>G||||||||,intron_variant|MODIFIER|GNB1|ENSG00000078369|ENST00000947518|protein_coding|ENST00000947518.1:c.58-2372A>G||||||||,intron_variant|MODIFIER|GNB1|ENSG00000078369|ENST00000947519|protein_coding|ENST00000947519.1:c.58-2372A>G||||||||,intron_variant|MODIFIER|GNB1|ENSG00000078369|ENST00000947520|protein_coding|ENST00000947520.1:c.58-2372A>G||||||||,intron_variant|MODIFIER|GNB1|ENSG00000078369|ENST00000947521|protein_coding|ENST00000947521.1:c.58-2372A>G||||||||,intron_variant|MODIFIER|GNB1|ENSG00000078369|ENST00000947522|protein_coding|ENST00000947522.1:c.58-2372A>G||||||||,intron_variant|MODIFIER|GNB1|ENSG00000078369|ENST00000947523|protein_coding|ENST00000947523.1:c.58-2372A>G||||||||,intron_variant|MODIFIER|GNB1|ENSG00000078369|ENST00000947524|protein_coding|ENST00000947524.1:c.58-2372A>G||||||||,intron_variant|MODIFIER|GNB1|ENSG00000078369|ENST00000947525|protein_coding|ENST00000947525.1:c.58-2372A>G||||||||,intron_variant|MODIFIER|GNB1|ENSG00000078369|ENST00000947526|protein_coding|ENST00000947526.1:c.58-2372A>G||||||||,intron_variant|MODIFIER|GNB1|ENSG00000078369|ENST00000947527|protein_coding|ENST00000947527.1:c.58-2372A>G||||||||,intron_variant|MODIFIER|GNB1|ENSG00000078369|ENST00000947528|protein_coding|ENST00000947528.1:c.58-2372A>G||||||||,intron_variant|MODIFIER|GNB1|ENSG00000078369|ENST00000947529|protein_coding|ENST00000947529.1:c.58-2372A>G||||||||,intron_variant|MODIFIER|GNB1|ENSG00000078369|ENST00000947530|protein_coding|ENST00000947530.1:c.58-2372A>G||||||||,intron_variant|MODIFIER|GNB1|ENSG00000078369|ENST00000947531|protein_coding|ENST00000947531.1:c.58-2372A>G||||||||,intron_variant|MODIFIER|GNB1|ENSG00000078369|ENST00000947532|protein_coding|ENST00000947532.1:c.58-2372A>G||||||||,intron_variant|MODIFIER|GNB1|ENSG00000078369|ENST00000947533|protein_coding|ENST00000947533.1:c.58-2372A>G||||||||,intron_variant|MODIFIER|GNB1|ENSG00000078369|ENST00000947534|protein_coding|ENST00000947534.1:c.58-2372A>G||||||||,intron_variant|MODIFIER|GNB1|ENSG00000078369|ENST00000947535|protein_coding|ENST00000947535.1:c.58-2372A>G||||||||,intron_variant|MODIFIER|GNB1|ENSG00000078369|ENST00000947536|protein_coding|ENST00000947536.1:c.58-2372A>G||||||||,intron_variant|MODIFIER|GNB1|ENSG00000078369|ENST00000947537|protein_coding|ENST00000947537.1:c.58-2372A>G||||||||,intron_variant|MODIFIER|GNB1|ENSG00000078369|ENST00000947538|protein_coding|ENST00000947538.1:c.58-2372A>G||||||||,intron_variant|MODIFIER|GNB1|ENSG00000078369|ENST00000947539|protein_coding|ENST00000947539.1:c.58-2372A>G||||||||,intron_variant|MODIFIER|GNB1|ENSG00000078369|ENST00000947540|protein_coding|ENST00000947540.1:c.58-2372A>G||||||||,intron_variant|MODIFIER|GNB1|ENSG00000078369|ENST00000947541|protein_coding|ENST00000947541.1:c.58-2372A>G||||||||	NA12878	0|1
1	1840232	.	AG	A	intron_variant|MODIFIER|GNB1|ENSG00000078369|ENST00000378609|protein_coding|ENST00000378609.9:c.-95-995del||YES||||||,intron_variant|MODIFIER|GNB1|ENSG00000078369|ENST00000434686|protein_coding|ENST00000434686.6:c.-149-551del||||||||,intron_variant|MODIFIER|GNB1|ENSG00000078369|ENST00000439272|protein_coding|ENST00000439272.7:c.-95-995del||||||||,intron_variant&non_coding_transcript_variant|MODIFIER|GNB1|ENSG00000078369|ENST00000472614|protein_coding_CDS_not_defined|ENST00000472614.2:n.148-995del||||||||,intron_variant|MODIFIER|GNB1|ENSG00000078369|ENST00000610897|protein_coding|ENST00000610897.4:c.-46-14734del||||||||,upstream_gene_variant|MODIFIER|GNB1|ENSG00000078369|ENST00000615252|protein_coding|||||||||,intron_variant|MODIFIER|GNB1|ENSG00000078369|ENST00000703692|protein_coding|ENST00000703692.1:c.-95-995del||||||||,intron_variant|MODIFIER|GNB1|ENSG00000078369|ENST00000703693|protein_coding|ENST00000703693.1:c.-95-995del||||||||,intron_variant|MODIFIER|GNB1|ENSG00000078369|ENST00000703694|protein_coding|ENST00000703694.1:c.-46-14734del||||||||,intron_variant&NMD_transcript_variant|MODIFIER|GNB1|ENSG00000078369|ENST00000703695|nonsense_mediated_decay|ENST00000703695.1:c.-95-995del||||||||,intron_variant|MODIFIER|GNB1|ENSG00000078369|ENST00000703696|protein_coding|ENST00000703696.1:c.-95-995del||||||||,intron_variant|MODIFIER|GNB1|ENSG00000078369|ENST00000703697|protein_coding|ENST00000703697.1:c.-95-995del||||||||,intron_variant|MODIFIER|GNB1|ENSG00000078369|ENST00000703699|protein_coding|ENST00000703699.1:c.-95-995del||||||||,intron_variant|MODIFIER|GNB1|ENSG00000078369|ENST00000703700|protein_coding|ENST00000703700.1:c.-95-995del||||||||,intron_variant|MODIFIER|GNB1|ENSG00000078369|ENST00000703701|protein_coding|ENST00000703701.1:c.-95-995del||||||||,intron_variant|MODIFIER|GNB1|ENSG00000078369|ENST00000703702|protein_coding|ENST00000703702.1:c.-95-995del||||||||,intron_variant|MODIFIER|GNB1|ENSG00000078369|ENST00000703703|protein_coding|ENST00000703703.1:c.-95-995del||||||||,intron_variant|MODIFIER|GNB1|ENSG00000078369|ENST00000703704|protein_coding|ENST00000703704.1:c.-95-995del||||||||,intron_variant|MODIFIER|GNB1|ENSG00000078369|ENST00000703705|protein_coding|ENST00000703705.1:c.-124-995del||||||||,intron_variant|MODIFIER|GNB1|ENSG00000078369|ENST00000703706|protein_coding|ENST00000703706.1:c.-95-995del||||||||,intron_variant|MODIFIER|GNB1|ENSG00000078369|ENST00000703707|protein_coding|ENST00000703707.1:c.-46-14734del||||||||,intron_variant|MODIFIER|GNB1|ENSG00000078369|ENST00000703708|protein_coding|ENST00000703708.1:c.-95-995del||||||||,intron_variant|MODIFIER|GNB1|ENSG00000078369|ENST00000703709|protein_coding|ENST00000703709.1:c.-95-995del||||||||,intron_variant|MODIFIER|GNB1|ENSG00000078369|ENST00000703710|protein_coding|ENST00000703710.1:c.-95-995del||||||||,intron_variant|MODIFIER|GNB1|ENSG00000078369|ENST00000703711|protein_coding|ENST00000703711.1:c.-95-995del||||||||,intron_variant|MODIFIER|GNB1|ENSG00000078369|ENST00000899366|protein_coding|ENST00000899366.1:c.-95-995del||||||||,intron_variant|MODIFIER|GNB1|ENSG00000078369|ENST00000899367|protein_coding|ENST00000899367.1:c.-46-14734del||||||||,intron_variant|MODIFIER|GNB1|ENSG00000078369|ENST00000899368|protein_coding|ENST00000899368.1:c.-95-995del||||||||,intron_variant|MODIFIER|GNB1|ENSG00000078369|ENST00000899369|protein_coding|ENST00000899369.1:c.-95-995del||||||||,intron_variant|MODIFIER|GNB1|ENSG00000078369|ENST00000899370|protein_coding|ENST00000899370.1:c.-95-995del||||||||,intron_variant|MODIFIER|GNB1|ENSG00000078369|ENST00000899371|protein_coding|ENST00000899371.1:c.-95-995del||||||||,intron_variant|MODIFIER|GNB1|ENSG00000078369|ENST00000899372|protein_coding|ENST00000899372.1:c.-95-995del||||||||,intron_variant|MODIFIER|GNB1|ENSG00000078369|ENST00000899373|protein_coding|ENST00000899373.1:c.-95-995del||||||||,intron_variant|MODIFIER|GNB1|ENSG00000078369|ENST00000899374|protein_coding|ENST00000899374.1:c.-46-14734del||||||||,intron_variant|MODIFIER|GNB1|ENSG00000078369|ENST00000899375|protein_coding|ENST00000899375.1:c.-46-14734del||||||||,intron_variant|MODIFIER|GNB1|ENSG00000078369|ENST00000899376|protein_coding|ENST00000899376.1:c.-95-995del||||||||,intron_variant|MODIFIER|GNB1|ENSG00000078369|ENST00000899377|protein_coding|ENST00000899377.1:c.-95-995del||||||||,intron_variant|MODIFIER|GNB1|ENSG00000078369|ENST00000899378|protein_coding|ENST00000899378.1:c.-95-995del||||||||,intron_variant|MODIFIER|GNB1|ENSG00000078369|ENST00000899379|protein_coding|ENST00000899379.1:c.-95-995del||||||||,intron_variant|MODIFIER|GNB1|ENSG00000078369|ENST00000899380|protein_coding|ENST00000899380.1:c.-95-995del||||||||,intron_variant|MODIFIER|GNB1|ENSG00000078369|ENST00000899381|protein_coding|ENST00000899381.1:c.-95-995del||||||||,intron_variant|MODIFIER|GNB1|ENSG00000078369|ENST00000899382|protein_coding|ENST00000899382.1:c.-95-995del||||||||,intron_variant|MODIFIER|GNB1|ENSG00000078369|ENST00000899383|protein_coding|ENST00000899383.1:c.-95-995del||||||||,intron_variant|MODIFIER|GNB1|ENSG00000078369|ENST00000899384|protein_coding|ENST00000899384.1:c.-95-995del||||||||,intron_variant|MODIFIER|GNB1|ENSG00000078369|ENST00000899385|protein_coding|ENST00000899385.1:c.-95-995del||||||||,intron_variant|MODIFIER|GNB1|ENSG00000078369|ENST00000899386|protein_coding|ENST00000899386.1:c.-95-995del||||||||,intron_variant|MODIFIER|GNB1|ENSG00000078369|ENST00000899387|protein_coding|ENST00000899387.1:c.-95-995del||||||||,intron_variant|MODIFIER|GNB1|ENSG00000078369|ENST00000899388|protein_coding|ENST00000899388.1:c.-95-995del||||||||,upstream_gene_variant|MODIFIER|GNB1|ENSG00000078369|ENST00000899389|protein_coding|||||||||,intron_variant|MODIFIER|GNB1|ENSG00000078369|ENST00000916682|protein_coding|ENST00000916682.1:c.-95-995del||||||||,intron_variant|MODIFIER|GNB1|ENSG00000078369|ENST00000916683|protein_coding|ENST00000916683.1:c.-95-995del||||||||,intron_variant|MODIFIER|GNB1|ENSG00000078369|ENST00000916684|protein_coding|ENST00000916684.1:c.-149-551del||||||||,intron_variant|MODIFIER|GNB1|ENSG00000078369|ENST00000916685|protein_coding|ENST00000916685.1:c.-46-14734del||||||||,intron_variant|MODIFIER|GNB1|ENSG00000078369|ENST00000916686|protein_coding|ENST00000916686.1:c.-146-995del||||||||,intron_variant|MODIFIER|GNB1|ENSG00000078369|ENST00000916687|protein_coding|ENST00000916687.1:c.-95-995del||||||||,intron_variant|MODIFIER|GNB1|ENSG00000078369|ENST00000916688|protein_coding|ENST00000916688.1:c.-95-995del||||||||,intron_variant|MODIFIER|GNB1|ENSG00000078369|ENST00000916689|protein_coding|ENST00000916689.1:c.-95-995del||||||||,intron_variant|MODIFIER|GNB1|ENSG00000078369|ENST00000916690|protein_coding|ENST00000916690.1:c.-95-995del||||||||,intron_variant|MODIFIER|GNB1|ENSG00000078369|ENST00000916691|protein_coding|ENST00000916691.1:c.-95-995del||||||||,intron_variant|MODIFIER|GNB1|ENSG00000078369|ENST00000916692|protein_coding|ENST00000916692.1:c.-47+12337del||||||||,intron_variant|MODIFIER|GNB1|ENSG00000078369|ENST00000916693|protein_coding|ENST00000916693.1:c.-47+8228del||||||||,intron_variant|MODIFIER|GNB1|ENSG00000078369|ENST00000916694|protein_coding|ENST00000916694.1:c.-95-995del||||||||,intron_variant|MODIFIER|GNB1|ENSG00000078369|ENST00000916695|protein_coding|ENST00000916695.1:c.-146-995del||||||||,intron_variant|MODIFIER|GNB1|ENSG00000078369|ENST00000916696|protein_coding|ENST00000916696.1:c.-95-995del||||||||,intron_variant|MODIFIER|GNB1|ENSG00000078369|ENST00000916697|protein_coding|ENST00000916697.1:c.-114-976del||||||||,intron_variant|MODIFIER|GNB1|ENSG00000078369|ENST00000916698|protein_coding|ENST00000916698.1:c.-95-995del||||||||,intron_variant|MODIFIER|GNB1|ENSG00000078369|ENST00000916699|protein_coding|ENST00000916699.1:c.-146-995del||||||||,intron_variant|MODIFIER|GNB1|ENSG00000078369|ENST00000916700|protein_coding|ENST00000916700.1:c.-47+12337del||||||||,intron_variant|MODIFIER|GNB1|ENSG00000078369|ENST00000916701|protein_coding|ENST00000916701.1:c.-95-995del||||||||,intron_variant|MODIFIER|GNB1|ENSG00000078369|ENST00000916702|protein_coding|ENST00000916702.1:c.-95-995del||||||||,intron_variant|MODIFIER|GNB1|ENSG00000078369|ENST00000916703|protein_coding|ENST00000916703.1:c.-95-995del||||||||,intron_variant|MODIFIER|GNB1|ENSG00000078369|ENST00000916704|protein_coding|ENST00000916704.1:c.-95-995del||||||||,intron_variant|MODIFIER|GNB1|ENSG00000078369|ENST00000916705|protein_coding|ENST00000916705.1:c.-95-995del||||||||,intron_variant|MODIFIER|GNB1|ENSG00000078369|ENST00000916706|protein_coding|ENST00000916706.1:c.-96+170del||||||||,intron_variant|MODIFIER|GNB1|ENSG00000078369|ENST00000916707|protein_coding|ENST00000916707.1:c.-47+12919del||||||||,intron_variant|MODIFIER|GNB1|ENSG00000078369|ENST00000916708|protein_coding|ENST00000916708.1:c.-95-995del||||||||,intron_variant|MODIFIER|GNB1|ENSG00000078369|ENST00000916709|protein_coding|ENST00000916709.1:c.-149-551del||||||||,intron_variant|MODIFIER|GNB1|ENSG00000078369|ENST00000916710|protein_coding|ENST00000916710.1:c.-149-551del||||||||,intron_variant|MODIFIER|GNB1|ENSG00000078369|ENST00000916711|protein_coding|ENST00000916711.1:c.-95-995del||||||||,intron_variant|MODIFIER|GNB1|ENSG00000078369|ENST00000916712|protein_coding|ENST00000916712.1:c.-95-995del||||||||,intron_variant|MODIFIER|GNB1|ENSG00000078369|ENST00000916713|protein_coding|ENST00000916713.1:c.-95-995del||||||||,intron_variant|MODIFIER|GNB1|ENSG00000078369|ENST00000916714|protein_coding|ENST00000916714.1:c.-95-995del||||||||,intron_variant|MODIFIER|GNB1|ENSG00000078369|ENST00000916715|protein_coding|ENST00000916715.1:c.-95-995del||||||||,intron_variant|MODIFIER|GNB1|ENSG00000078369|ENST00000947516|protein_coding|ENST00000947516.1:c.-149-551del||||||||,intron_variant|MODIFIER|GNB1|ENSG00000078369|ENST00000947517|protein_coding|ENST00000947517.1:c.-95-995del||||||||,intron_variant|MODIFIER|GNB1|ENSG00000078369|ENST00000947518|protein_coding|ENST00000947518.1:c.-95-995del||||||||,intron_variant|MODIFIER|GNB1|ENSG00000078369|ENST00000947519|protein_coding|ENST00000947519.1:c.-46-14734del||||||||,intron_variant|MODIFIER|GNB1|ENSG00000078369|ENST00000947520|protein_coding|ENST00000947520.1:c.-95-995del||||||||,intron_variant|MODIFIER|GNB1|ENSG00000078369|ENST00000947521|protein_coding|ENST00000947521.1:c.-95-995del||||||||,intron_variant|MODIFIER|GNB1|ENSG00000078369|ENST00000947522|protein_coding|ENST00000947522.1:c.-95-995del||||||||,intron_variant|MODIFIER|GNB1|ENSG00000078369|ENST00000947523|protein_coding|ENST00000947523.1:c.-95-995del||||||||,intron_variant|MODIFIER|GNB1|ENSG00000078369|ENST00000947524|protein_coding|ENST00000947524.1:c.-95-995del||||||||,intron_variant|MODIFIER|GNB1|ENSG00000078369|ENST00000947525|protein_coding|ENST00000947525.1:c.-95-995del||||||||,intron_variant|MODIFIER|GNB1|ENSG00000078369|ENST00000947526|protein_coding|ENST00000947526.1:c.-47+8228del||||||||,intron_variant|MODIFIER|GNB1|ENSG00000078369|ENST00000947527|protein_coding|ENST00000947527.1:c.-95-995del||||||||,intron_variant|MODIFIER|GNB1|ENSG00000078369|ENST00000947528|protein_coding|ENST00000947528.1:c.-95-995del||||||||,intron_variant|MODIFIER|GNB1|ENSG00000078369|ENST00000947529|protein_coding|ENST00000947529.1:c.-95-995del||||||||,intron_variant|MODIFIER|GNB1|ENSG00000078369|ENST00000947530|protein_coding|ENST00000947530.1:c.-47+8228del||||||||,intron_variant|MODIFIER|GNB1|ENSG00000078369|ENST00000947531|protein_coding|ENST00000947531.1:c.-95-995del||||||||,intron_variant|MODIFIER|GNB1|ENSG00000078369|ENST00000947532|protein_coding|ENST00000947532.1:c.-46-14734del||||||||,intron_variant|MODIFIER|GNB1|ENSG00000078369|ENST00000947533|protein_coding|ENST00000947533.1:c.-95-995del||||||||,intron_variant|MODIFIER|GNB1|ENSG00000078369|ENST00000947534|protein_coding|ENST00000947534.1:c.-95-995del||||||||,intron_variant|MODIFIER|GNB1|ENSG00000078369|ENST00000947535|protein_coding|ENST00000947535.1:c.-95-995del||||||||,intron_variant|MODIFIER|GNB1|ENSG00000078369|ENST00000947536|protein_coding|ENST00000947536.1:c.-46-14734del||||||||,intron_variant|MODIFIER|GNB1|ENSG00000078369|ENST00000947537|protein_coding|ENST00000947537.1:c.-95-995del||||||||,intron_variant|MODIFIER|GNB1|ENSG00000078369|ENST00000947538|protein_coding|ENST00000947538.1:c.-46-14734del||||||||,intron_variant|MODIFIER|GNB1|ENSG00000078369|ENST00000947539|protein_coding|ENST00000947539.1:c.-29-14751del||||||||,intron_variant|MODIFIER|GNB1|ENSG00000078369|ENST00000947540|protein_coding|ENST00000947540.1:c.-95-995del||||||||,5_prime_UTR_variant|MODIFIER|GNB1|ENSG00000078369|ENST00000947541|protein_coding|ENST00000947541.1:c.-1090del||||||||	NA12878	0|1
1	1864314	.	C	A	intron_variant|MODIFIER|GNB1|ENSG00000078369|ENST00000378609|protein_coding|ENST00000378609.9:c.-95-25076G>T||YES||||||,intron_variant|MODIFIER|GNB1|ENSG00000078369|ENST00000434686|protein_coding|ENST00000434686.6:c.-149-24632G>T||||||||,intron_variant|MODIFIER|GNB1|ENSG00000078369|ENST00000439272|protein_coding|ENST00000439272.7:c.-95-25076G>T||||||||,intron_variant&non_coding_transcript_variant|MODIFIER|GNB1|ENSG00000078369|ENST00000472614|protein_coding_CDS_not_defined|ENST00000472614.2:n.148-25076G>T||||||||,intron_variant|MODIFIER|GNB1|ENSG00000078369|ENST00000610897|protein_coding|ENST00000610897.4:c.-47+26506G>T||||||||,intron_variant|MODIFIER|GNB1|ENSG00000078369|ENST00000703692|protein_coding|ENST00000703692.1:c.-95-25076G>T||||||||,intron_variant|MODIFIER|GNB1|ENSG00000078369|ENST00000703693|protein_coding|ENST00000703693.1:c.-580-11017G>T||||||||,intron_variant|MODIFIER|GNB1|ENSG00000078369|ENST00000703694|protein_coding|ENST00000703694.1:c.-47+26506G>T||||||||,intron_variant&NMD_transcript_variant|MODIFIER|GNB1|ENSG00000078369|ENST00000703695|nonsense_mediated_decay|ENST00000703695.1:c.-95-25076G>T||||||||,intron_variant|MODIFIER|GNB1|ENSG00000078369|ENST00000703696|protein_coding|ENST00000703696.1:c.-95-25076G>T||||||||,intron_variant|MODIFIER|GNB1|ENSG00000078369|ENST00000703697|protein_coding|ENST00000703697.1:c.-95-25076G>T||||||||,intron_variant|MODIFIER|GNB1|ENSG00000078369|ENST00000703699|protein_coding|ENST00000703699.1:c.-95-25076G>T||||||||,intron_variant|MODIFIER|GNB1|ENSG00000078369|ENST00000703700|protein_coding|ENST00000703700.1:c.-95-25076G>T||||||||,intron_variant|MODIFIER|GNB1|ENSG00000078369|ENST00000703701|protein_coding|ENST00000703701.1:c.-96+12269G>T||||||||,intron_variant|MODIFIER|GNB1|ENSG00000078369|ENST00000703702|protein_coding|ENST00000703702.1:c.-206-11634G>T||||||||,intron_variant|MODIFIER|GNB1|ENSG00000078369|ENST00000703704|protein_coding|ENST00000703704.1:c.-352-11017G>T||||||||,intron_variant|MODIFIER|GNB1|ENSG00000078369|ENST00000703705|protein_coding|ENST00000703705.1:c.-124-25076G>T||||||||,intron_variant|MODIFIER|GNB1|ENSG00000078369|ENST00000703706|protein_coding|ENST00000703706.1:c.-241-11017G>T||||||||,intron_variant|MODIFIER|GNB1|ENSG00000078369|ENST00000703707|protein_coding|ENST00000703707.1:c.-47+26506G>T||||||||,intron_variant|MODIFIER|GNB1|ENSG00000078369|ENST00000703709|protein_coding|ENST00000703709.1:c.-96+15473G>T||||||||,intron_variant|MODIFIER|GNB1|ENSG00000078369|ENST00000703710|protein_coding|ENST00000703710.1:c.-352-11017G>T||||||||,intron_variant|MODIFIER|GNB1|ENSG00000078369|ENST00000703711|protein_coding|ENST00000703711.1:c.-352-11017G>T||||||||,intron_variant|MODIFIER|GNB1|ENSG00000078369|ENST00000899366|protein_coding|ENST00000899366.1:c.-95-25076G>T||||||||,intron_variant|MODIFIER|GNB1|ENSG00000078369|ENST00000899367|protein_coding|ENST00000899367.1:c.-47+26506G>T||||||||,intron_variant|MODIFIER|GNB1|ENSG00000078369|ENST00000899368|protein_coding|ENST00000899368.1:c.-95-25076G>T||||||||,intron_variant|MODIFIER|GNB1|ENSG00000078369|ENST00000899369|protein_coding|ENST00000899369.1:c.-96+9644G>T||||||||,intron_variant|MODIFIER|GNB1|ENSG00000078369|ENST00000899370|protein_coding|ENST00000899370.1:c.-96+9644G>T||||||||,intron_variant|MODIFIER|GNB1|ENSG00000078369|ENST00000899371|protein_coding|ENST00000899371.1:c.-96+15473G>T||||||||,intron_variant|MODIFIER|GNB1|ENSG00000078369|ENST00000899372|protein_coding|ENST00000899372.1:c.-352-11017G>T||||||||,intron_variant|MODIFIER|GNB1|ENSG00000078369|ENST00000899373|protein_coding|ENST00000899373.1:c.-95-25076G>T||||||||,intron_variant|MODIFIER|GNB1|ENSG00000078369|ENST00000899374|protein_coding|ENST00000899374.1:c.-47+26050G>T||||||||,intron_variant|MODIFIER|GNB1|ENSG00000078369|ENST00000899375|protein_coding|ENST00000899375.1:c.-47+15473G>T||||||||,intron_variant|MODIFIER|GNB1|ENSG00000078369|ENST00000899376|protein_coding|ENST00000899376.1:c.-96+15473G>T||||||||,intron_variant|MODIFIER|GNB1|ENSG00000078369|ENST00000899377|protein_coding|ENST00000899377.1:c.-96+15473G>T||||||||,intron_variant|MODIFIER|GNB1|ENSG00000078369|ENST00000899378|protein_coding|ENST00000899378.1:c.-96+15473G>T||||||||,intron_variant|MODIFIER|GNB1|ENSG00000078369|ENST00000899379|protein_coding|ENST00000899379.1:c.-352-11017G>T||||||||,intron_variant|MODIFIER|GNB1|ENSG00000078369|ENST00000899380|protein_coding|ENST00000899380.1:c.-469-11017G>T||||||||,intron_variant|MODIFIER|GNB1|ENSG00000078369|ENST00000899381|protein_coding|ENST00000899381.1:c.-96+9644G>T||||||||,intron_variant|MODIFIER|GNB1|ENSG00000078369|ENST00000899382|protein_coding|ENST00000899382.1:c.-164-15785G>T||||||||,intron_variant|MODIFIER|GNB1|ENSG00000078369|ENST00000899383|protein_coding|ENST00000899383.1:c.-421-11017G>T||||||||,intron_variant|MODIFIER|GNB1|ENSG00000078369|ENST00000899384|protein_coding|ENST00000899384.1:c.-95-25076G>T||||||||,intron_variant|MODIFIER|GNB1|ENSG00000078369|ENST00000899385|protein_coding|ENST00000899385.1:c.-323-15785G>T||||||||,intron_variant|MODIFIER|GNB1|ENSG00000078369|ENST00000899386|protein_coding|ENST00000899386.1:c.-352-11017G>T||||||||,intron_variant|MODIFIER|GNB1|ENSG00000078369|ENST00000899387|protein_coding|ENST00000899387.1:c.-96+15473G>T||||||||,intron_variant|MODIFIER|GNB1|ENSG00000078369|ENST00000916682|protein_coding|ENST00000916682.1:c.-95-25076G>T||||||||,intron_variant|MODIFIER|GNB1|ENSG00000078369|ENST00000916683|protein_coding|ENST00000916683.1:c.-96+4932G>T||||||||,intron_variant|MODIFIER|GNB1|ENSG00000078369|ENST00000916684|protein_coding|ENST00000916684.1:c.-149-24632G>T||||||||,intron_variant|MODIFIER|GNB1|ENSG00000078369|ENST00000916685|protein_coding|ENST00000916685.1:c.-47+15473G>T||||||||,intron_variant|MODIFIER|GNB1|ENSG00000078369|ENST00000916686|protein_coding|ENST00000916686.1:c.-147+15473G>T||||||||,intron_variant|MODIFIER|GNB1|ENSG00000078369|ENST00000916687|protein_coding|ENST00000916687.1:c.-352-11017G>T||||||||,intron_variant|MODIFIER|GNB1|ENSG00000078369|ENST00000916688|protein_coding|ENST00000916688.1:c.-182-18142G>T||||||||,intron_variant|MODIFIER|GNB1|ENSG00000078369|ENST00000916689|protein_coding|ENST00000916689.1:c.-434-11634G>T||||||||,intron_variant|MODIFIER|GNB1|ENSG00000078369|ENST00000916690|protein_coding|ENST00000916690.1:c.-96+15473G>T||||||||,intron_variant|MODIFIER|GNB1|ENSG00000078369|ENST00000916691|protein_coding|ENST00000916691.1:c.-254-16278G>T||||||||,intron_variant|MODIFIER|GNB1|ENSG00000078369|ENST00000916692|protein_coding|ENST00000916692.1:c.-303-11017G>T||||||||,intron_variant|MODIFIER|GNB1|ENSG00000078369|ENST00000916693|protein_coding|ENST00000916693.1:c.-372-11017G>T||||||||,intron_variant|MODIFIER|GNB1|ENSG00000078369|ENST00000916694|protein_coding|ENST00000916694.1:c.-95-25076G>T||||||||,intron_variant|MODIFIER|GNB1|ENSG00000078369|ENST00000916695|protein_coding|ENST00000916695.1:c.-146-25076G>T||||||||,intron_variant|MODIFIER|GNB1|ENSG00000078369|ENST00000916696|protein_coding|ENST00000916696.1:c.-241-11017G>T||||||||,intron_variant|MODIFIER|GNB1|ENSG00000078369|ENST00000916697|protein_coding|ENST00000916697.1:c.-115+15473G>T||||||||,intron_variant|MODIFIER|GNB1|ENSG00000078369|ENST00000916698|protein_coding|ENST00000916698.1:c.-310-11017G>T||||||||,intron_variant|MODIFIER|GNB1|ENSG00000078369|ENST00000916699|protein_coding|ENST00000916699.1:c.-146-25076G>T||||||||,intron_variant|MODIFIER|GNB1|ENSG00000078369|ENST00000916700|protein_coding|ENST00000916700.1:c.-157-11634G>T||||||||,intron_variant|MODIFIER|GNB1|ENSG00000078369|ENST00000916701|protein_coding|ENST00000916701.1:c.-95-25076G>T||||||||,intron_variant|MODIFIER|GNB1|ENSG00000078369|ENST00000916702|protein_coding|ENST00000916702.1:c.-96+12347G>T||||||||,intron_variant|MODIFIER|GNB1|ENSG00000078369|ENST00000916703|protein_coding|ENST00000916703.1:c.-95-25076G>T||||||||,intron_variant|MODIFIER|GNB1|ENSG00000078369|ENST00000916704|protein_coding|ENST00000916704.1:c.-96+15473G>T||||||||,intron_variant|MODIFIER|GNB1|ENSG00000078369|ENST00000916705|protein_coding|ENST00000916705.1:c.-96+24241G>T||||||||,intron_variant|MODIFIER|GNB1|ENSG00000078369|ENST00000916706|protein_coding|ENST00000916706.1:c.-193-23814G>T||||||||,intron_variant|MODIFIER|GNB1|ENSG00000078369|ENST00000916707|protein_coding|ENST00000916707.1:c.-192-11017G>T||||||||,intron_variant|MODIFIER|GNB1|ENSG00000078369|ENST00000916708|protein_coding|ENST00000916708.1:c.-469-11017G>T||||||||,intron_variant|MODIFIER|GNB1|ENSG00000078369|ENST00000916709|protein_coding|ENST00000916709.1:c.-149-24632G>T||||||||,intron_variant|MODIFIER|GNB1|ENSG00000078369|ENST00000916710|protein_coding|ENST00000916710.1:c.-149-24632G>T||||||||,intron_variant|MODIFIER|GNB1|ENSG00000078369|ENST00000916711|protein_coding|ENST00000916711.1:c.-254-16278G>T||||||||,intron_variant|MODIFIER|GNB1|ENSG00000078369|ENST00000916712|protein_coding|ENST00000916712.1:c.-323-15785G>T||||||||,intron_variant|MODIFIER|GNB1|ENSG00000078369|ENST00000916713|protein_coding|ENST00000916713.1:c.-96+24574G>T||||||||,intron_variant|MODIFIER|GNB1|ENSG00000078369|ENST00000916714|protein_coding|ENST00000916714.1:c.-95-25076G>T||||||||,intron_variant|MODIFIER|GNB1|ENSG00000078369|ENST00000916715|protein_coding|ENST00000916715.1:c.-96+15473G>T||||||||,intron_variant|MODIFIER|GNB1|ENSG00000078369|ENST00000947516|protein_coding|ENST00000947516.1:c.-149-24632G>T||||||||,intron_variant|MODIFIER|GNB1|ENSG00000078369|ENST00000947517|protein_coding|ENST00000947517.1:c.-469-11017G>T||||||||,intron_variant|MODIFIER|GNB1|ENSG00000078369|ENST00000947518|protein_coding|ENST00000947518.1:c.-206-11634G>T||||||||,intron_variant|MODIFIER|GNB1|ENSG00000078369|ENST00000947519|protein_coding|ENST00000947519.1:c.-47+15473G>T||||||||,intron_variant|MODIFIER|GNB1|ENSG00000078369|ENST00000947520|protein_coding|ENST00000947520.1:c.-95-25076G>T||||||||,intron_variant|MODIFIER|GNB1|ENSG00000078369|ENST00000947521|protein_coding|ENST00000947521.1:c.-469-11017G>T||||||||,intron_variant|MODIFIER|GNB1|ENSG00000078369|ENST00000947522|protein_coding|ENST00000947522.1:c.-241-11017G>T||||||||,intron_variant|MODIFIER|GNB1|ENSG00000078369|ENST00000947523|protein_coding|ENST00000947523.1:c.-275-11634G>T||||||||,intron_variant|MODIFIER|GNB1|ENSG00000078369|ENST00000947524|protein_coding|ENST00000947524.1:c.-95-25076G>T||||||||,intron_variant|MODIFIER|GNB1|ENSG00000078369|ENST00000947525|protein_coding|ENST00000947525.1:c.-352-11017G>T||||||||,intron_variant|MODIFIER|GNB1|ENSG00000078369|ENST00000947526|protein_coding|ENST00000947526.1:c.-115-15785G>T||||||||,intron_variant|MODIFIER|GNB1|ENSG00000078369|ENST00000947527|protein_coding|ENST00000947527.1:c.-580-11017G>T||||||||,intron_variant|MODIFIER|GNB1|ENSG00000078369|ENST00000947528|protein_coding|ENST00000947528.1:c.-96+15473G>T||||||||,intron_variant|MODIFIER|GNB1|ENSG00000078369|ENST00000947529|protein_coding|ENST00000947529.1:c.-421-11017G>T||||||||,intron_variant|MODIFIER|GNB1|ENSG00000078369|ENST00000947530|protein_coding|ENST00000947530.1:c.-261-11017G>T||||||||,intron_variant|MODIFIER|GNB1|ENSG00000078369|ENST00000947531|protein_coding|ENST00000947531.1:c.-352-11017G>T||||||||,intron_variant|MODIFIER|GNB1|ENSG00000078369|ENST00000947532|protein_coding|ENST00000947532.1:c.-47+26050G>T||||||||,intron_variant|MODIFIER|GNB1|ENSG00000078369|ENST00000947533|protein_coding|ENST00000947533.1:c.-241-11017G>T||||||||,intron_variant|MODIFIER|GNB1|ENSG00000078369|ENST00000947534|protein_coding|ENST00000947534.1:c.-469-11017G>T||||||||,intron_variant|MODIFIER|GNB1|ENSG00000078369|ENST00000947535|protein_coding|ENST00000947535.1:c.-469-11017G>T||||||||,intron_variant|MODIFIER|GNB1|ENSG00000078369|ENST00000947536|protein_coding|ENST00000947536.1:c.-47+26050G>T||||||||,intron_variant|MODIFIER|GNB1|ENSG00000078369|ENST00000947537|protein_coding|ENST00000947537.1:c.-580-11017G>T||||||||,intron_variant|MODIFIER|GNB1|ENSG00000078369|ENST00000947538|protein_coding|ENST00000947538.1:c.-47+26506G>T||||||||,intron_variant|MODIFIER|GNB1|ENSG00000078369|ENST00000947539|protein_coding|ENST00000947539.1:c.-30+9644G>T||||||||	NA12878	1|0
1	1924208	.	G	A	upstream_gene_variant|MODIFIER|TMEM52|ENSG00000178821|ENST00000310991|protein_coding|||YES||||||,upstream_gene_variant|MODIFIER|TMEM52|ENSG00000178821|ENST00000378598|protein_coding|||||||||,intron_variant&non_coding_transcript_variant|MODIFIER|CFAP74|ENSG00000142609|ENST00000412120|retained_intron|ENST00000412120.2:n.1082+183C>T||||||||,upstream_gene_variant|MODIFIER|TMEM52|ENSG00000178821|ENST00000416272|protein_coding|||||||||,intron_variant&non_coding_transcript_variant|MODIFIER|CFAP74|ENSG00000142609|ENST00000464311|retained_intron|ENST00000464311.5:n.1740+183C>T||||||||,upstream_gene_variant|MODIFIER|TMEM52|ENSG00000178821|ENST00000470931|nonsense_mediated_decay|||||||||,intron_variant|MODIFIER|CFAP74|ENSG00000142609|ENST00000493964|protein_coding|ENST00000493964.5:c.4234+183C>T||||||||,upstream_gene_variant|MODIFIER|TMEM52|ENSG00000178821|ENST00000602604|retained_intron|||||||||,intron_variant|MODIFIER|CFAP74|ENSG00000142609|ENST00000682832|protein_coding|ENST00000682832.2:c.4234+183C>T||YES||||||,upstream_gene_variant|MODIFIER|TMEM52|ENSG00000178821|ENST00000902364|protein_coding|||||||||,upstream_gene_variant|MODIFIER|TMEM52|ENSG00000178821|ENST00000966688|protein_coding|||||||||	NA12878	0|1
1	1949111	.	T	C	downstream_gene_variant|MODIFIER|CFAP74|ENSG00000142609|ENST00000270720|retained_intron|||||||||,intron_variant&non_coding_transcript_variant|MODIFIER|CFAP74|ENSG00000142609|ENST00000493316|retained_intron|ENST00000493316.5:n.394-2057A>G||||||||,intron_variant|MODIFIER|CFAP74|ENSG00000142609|ENST00000493964|protein_coding|ENST00000493964.5:c.2177-2057A>G||||||||,intron_variant|MODIFIER|CFAP74|ENSG00000142609|ENST00000682832|protein_coding|ENST00000682832.2:c.2177-2057A>G||YES||||||	NA12878	1|0
1	1949147	.	T	C	downstream_gene_variant|MODIFIER|CFAP74|ENSG00000142609|ENST00000270720|retained_intron|||||||||,intron_variant&non_coding_transcript_variant|MODIFIER|CFAP74|ENSG00000142609|ENST00000493316|retained_intron|ENST00000493316.5:n.394-2093A>G||||||||,intron_variant|MODIFIER|CFAP74|ENSG00000142609|ENST00000493964|protein_coding|ENST00000493964.5:c.2177-2093A>G||||||||,intron_variant|MODIFIER|CFAP74|ENSG00000142609|ENST00000682832|protein_coding|ENST00000682832.2:c.2177-2093A>G||YES||||||	NA12878	0|1
1	1967969	.	G	A	intron_variant&non_coding_transcript_variant|MODIFIER|CFAP74|ENSG00000142609|ENST00000270720|retained_intron|ENST00000270720.11:n.1401+666C>T||||||||,intron_variant&non_coding_transcript_variant|MODIFIER|CFAP74|ENSG00000142609|ENST00000468610|retained_intron|ENST00000468610.5:n.1278+666C>T||||||||,intron_variant|MODIFIER|CFAP74|ENSG00000142609|ENST00000493964|protein_coding|ENST00000493964.5:c.1245+666C>T||||||||,intron_variant|MODIFIER|CFAP74|ENSG00000142609|ENST00000682832|protein_coding|ENST00000682832.2:c.1245+666C>T||YES||||||	NA12878	0|1
1	1979067	.	T	C	intron_variant&non_coding_transcript_variant|MODIFIER|CFAP74|ENSG00000142609|ENST00000270720|retained_intron|ENST00000270720.11:n.657-4869A>G||||||||,downstream_gene_variant|MODIFIER|CFAP74|ENSG00000142609|ENST00000378592|retained_intron|||||||||,intron_variant&non_coding_transcript_variant|MODIFIER|CFAP74|ENSG00000142609|ENST00000468610|retained_intron|ENST00000468610.5:n.534-4869A>G||||||||,intron_variant|MODIFIER|CFAP74|ENSG00000142609|ENST00000493964|protein_coding|ENST00000493964.5:c.501-4869A>G||||||||,intron_variant|MODIFIER|CFAP74|ENSG00000142609|ENST00000682832|protein_coding|ENST00000682832.2:c.501-4869A>G||YES||||||	NA12878	1|0
1	1979639	.	G	A	intron_variant&non_coding_transcript_variant|MODIFIER|CFAP74|ENSG00000142609|ENST00000270720|retained_intron|ENST00000270720.11:n.657-5441C>T||||||||,downstream_gene_variant|MODIFIER|CFAP74|ENSG00000142609|ENST00000378592|retained_intron|||||||||,intron_variant&non_coding_transcript_variant|MODIFIER|CFAP74|ENSG00000142609|ENST00000468610|retained_intron|ENST00000468610.5:n.534-5441C>T||||||||,intron_variant|MODIFIER|CFAP74|ENSG00000142609|ENST00000493964|protein_coding|ENST00000493964.5:c.501-5441C>T||||||||,intron_variant|MODIFIER|CFAP74|ENSG00000142609|ENST00000682832|protein_coding|ENST00000682832.2:c.501-5441C>T||YES||||||	NA12878	1|0
1	1979647	.	C	T	intron_variant&non_coding_transcript_variant|MODIFIER|CFAP74|ENSG00000142609|ENST00000270720|retained_intron|ENST00000270720.11:n.657-5449G>A||||||||,downstream_gene_variant|MODIFIER|CFAP74|ENSG00000142609|ENST00000378592|retained_intron|||||||||,intron_variant&non_coding_transcript_variant|MODIFIER|CFAP74|ENSG00000142609|ENST00000468610|retained_intron|ENST00000468610.5:n.534-5449G>A||||||||,intron_variant|MODIFIER|CFAP74|ENSG00000142609|ENST00000493964|protein_coding|ENST00000493964.5:c.501-5449G>A||||||||,intron_variant|MODIFIER|CFAP74|ENSG00000142609|ENST00000682832|protein_coding|ENST00000682832.2:c.501-5449G>A||YES||||||	NA12878	1|0
1	1979654	.	C	G	intron_variant&non_coding_transcript_variant|MODIFIER|CFAP74|ENSG00000142609|ENST00000270720|retained_intron|ENST00000270720.11:n.657-5456G>C||||||||,downstream_gene_variant|MODIFIER|CFAP74|ENSG00000142609|ENST00000378592|retained_intron|||||||||,intron_variant&non_coding_transcript_variant|MODIFIER|CFAP74|ENSG00000142609|ENST00000468610|retained_intron|ENST00000468610.5:n.534-5456G>C||||||||,intron_variant|MODIFIER|CFAP74|ENSG00000142609|ENST00000493964|protein_coding|ENST00000493964.5:c.501-5456G>C||||||||,intron_variant|MODIFIER|CFAP74|ENSG00000142609|ENST00000682832|protein_coding|ENST00000682832.2:c.501-5456G>C||YES||||||	NA12878	1|0
1	1979657	.	G	A	intron_variant&non_coding_transcript_variant|MODIFIER|CFAP74|ENSG00000142609|ENST00000270720|retained_intron|ENST00000270720.11:n.657-5459C>T||||||||,downstream_gene_variant|MODIFIER|CFAP74|ENSG00000142609|ENST00000378592|retained_intron|||||||||,intron_variant&non_coding_transcript_variant|MODIFIER|CFAP74|ENSG00000142609|ENST00000468610|retained_intron|ENST00000468610.5:n.534-5459C>T||||||||,intron_variant|MODIFIER|CFAP74|ENSG00000142609|ENST00000493964|protein_coding|ENST00000493964.5:c.501-5459C>T||||||||,intron_variant|MODIFIER|CFAP74|ENSG00000142609|ENST00000682832|protein_coding|ENST00000682832.2:c.501-5459C>T||YES||||||	NA12878	1|0
1	1993854	.	C	T	intron_variant&non_coding_transcript_variant|MODIFIER|CFAP74|ENSG00000142609|ENST00000270720|retained_intron|ENST00000270720.11:n.138-2879G>A||||||||,upstream_gene_variant|MODIFIER|CFAP74|ENSG00000142609|ENST00000378590|protein_coding|||||||||,intron_variant&non_coding_transcript_variant|MODIFIER|CFAP74|ENSG00000142609|ENST00000378592|retained_intron|ENST00000378592.1:n.138-2879G>A||||||||,intron_variant&non_coding_transcript_variant|MODIFIER|CFAP74|ENSG00000142609|ENST00000468610|retained_intron|ENST00000468610.5:n.15-2879G>A||||||||,intron_variant|MODIFIER|CFAP74|ENSG00000142609|ENST00000493964|protein_coding|ENST00000493964.5:c.-19-2879G>A||||||||,intron_variant|MODIFIER|CFAP74|ENSG00000142609|ENST00000682832|protein_coding|ENST00000682832.2:c.-19-2879G>A||YES||||||	NA12878	0|1
1	2007895	.	G	A	upstream_gene_variant|MODIFIER|CFAP74|ENSG00000142609|ENST00000270720|retained_intron|||||||||,upstream_gene_variant|MODIFIER|CFAP74|ENSG00000142609|ENST00000378592|retained_intron|||||||||,upstream_gene_variant|MODIFIER|CFAP74|ENSG00000142609|ENST00000468610|retained_intron|||||||||,upstream_gene_variant|MODIFIER|CFAP74|ENSG00000142609|ENST00000493964|protein_coding|||||||||,upstream_gene_variant|MODIFIER|CFAP74|ENSG00000142609|ENST00000682832|protein_coding|||YES||||||	NA12878	0|1
1	2008635	.	G	A	upstream_gene_variant|MODIFIER|CFAP74|ENSG00000142609|ENST00000270720|retained_intron|||||||||,upstream_gene_variant|MODIFIER|CFAP74|ENSG00000142609|ENST00000378592|retained_intron|||||||||,downstream_gene_variant|MODIFIER||ENSG00000233542|ENST00000443930|lncRNA|||||||||,upstream_gene_variant|MODIFIER|CFAP74|ENSG00000142609|ENST00000468610|retained_intron|||||||||,upstream_gene_variant|MODIFIER|CFAP74|ENSG00000142609|ENST00000493964|protein_coding|||||||||,downstream_gene_variant|MODIFIER||ENSG00000233542|ENST00000659674|lncRNA|||||||||,upstream_gene_variant|MODIFIER|CFAP74|ENSG00000142609|ENST00000682832|protein_coding|||YES||||||	NA12878	0|1
1	2078112	.	C	T	intron_variant|MODIFIER|PRKCZ|ENSG00000067606|ENST00000378567|protein_coding|ENST00000378567.8:c.334+18521C>T||YES||||||,intron_variant|MODIFIER|PRKCZ|ENSG00000067606|ENST00000400921|protein_coding|ENST00000400921.6:c.-216+4183C>T||||||||,intron_variant|MODIFIER|PRKCZ|ENSG00000067606|ENST00000461106|protein_coding|ENST00000461106.6:c.22+3837C>T||||||||,intron_variant|MODIFIER|PRKCZ|ENSG00000067606|ENST00000461465|protein_coding|ENST00000461465.5:c.-216+3345C>T||||||||,intron_variant&non_coding_transcript_variant|MODIFIER|PRKCZ|ENSG00000067606|ENST00000466651|protein_coding_CDS_not_defined|ENST00000466651.5:n.339+18521C>T||||||||,intron_variant|MODIFIER|PRKCZ|ENSG00000067606|ENST00000468310|protein_coding|ENST00000468310.5:c.244+18521C>T||||||||,intron_variant|MODIFIER|PRKCZ|ENSG00000067606|ENST00000470596|protein_coding|ENST00000470596.5:c.-216+2979C>T||||||||,upstream_gene_variant|MODIFIER|PRKCZ|ENSG00000067606|ENST00000481140|nonsense_mediated_decay|||||||||,intron_variant|MODIFIER|PRKCZ|ENSG00000067606|ENST00000495347|protein_coding|ENST00000495347.5:c.-425+4183C>T||||||||,intron_variant|MODIFIER|PRKCZ|ENSG00000067606|ENST00000496325|protein_coding|ENST00000496325.5:c.-216+2733C>T||||||||,intron_variant|MODIFIER|PRKCZ|ENSG00000067606|ENST00000877862|protein_coding|ENST00000877862.1:c.334+18521C>T||||||||,intron_variant|MODIFIER|PRKCZ|ENSG00000067606|ENST00000877863|protein_coding|ENST00000877863.1:c.334+18521C>T||||||||,intron_variant|MODIFIER|PRKCZ|ENSG00000067606|ENST00000877864|protein_coding|ENST00000877864.1:c.334+18521C>T||||||||,intron_variant|MODIFIER|PRKCZ|ENSG00000067606|ENST00000926524|protein_coding|ENST00000926524.1:c.334+18521C>T||||||||,intron_variant|MODIFIER|PRKCZ|ENSG00000067606|ENST00000965048|protein_coding|ENST00000965048.1:c.334+18521C>T||||||||	NA12878	0|1
1	2094168	.	G	A	intron_variant|MODIFIER|PRKCZ|ENSG00000067606|ENST00000378567|protein_coding|ENST00000378567.8:c.334+34577G>A||YES||||||,intron_variant|MODIFIER|PRKCZ|ENSG00000067606|ENST00000400921|protein_coding|ENST00000400921.6:c.-216+20239G>A||||||||,intron_variant|MODIFIER|PRKCZ|ENSG00000067606|ENST00000461106|protein_coding|ENST00000461106.6:c.22+19893G>A||||||||,intron_variant|MODIFIER|PRKCZ|ENSG00000067606|ENST00000461465|protein_coding|ENST00000461465.5:c.-216+19401G>A||||||||,intron_variant&non_coding_transcript_variant|MODIFIER|PRKCZ|ENSG00000067606|ENST00000466651|protein_coding_CDS_not_defined|ENST00000466651.5:n.339+34577G>A||||||||,intron_variant|MODIFIER|PRKCZ|ENSG00000067606|ENST00000468310|protein_coding|ENST00000468310.5:c.244+34577G>A||||||||,intron_variant|MODIFIER|PRKCZ|ENSG00000067606|ENST00000470596|protein_coding|ENST00000470596.5:c.-216+19035G>A||||||||,intron_variant&NMD_transcript_variant|MODIFIER|PRKCZ|ENSG00000067606|ENST00000481140|nonsense_mediated_decay|ENST00000481140.5:c.140+11708G>A||||||||,intron_variant|MODIFIER|PRKCZ|ENSG00000067606|ENST00000495347|protein_coding|ENST00000495347.5:c.-424-4179G>A||||||||,intron_variant|MODIFIER|PRKCZ|ENSG00000067606|ENST00000496325|protein_coding|ENST00000496325.5:c.-216+18789G>A||||||||,intron_variant|MODIFIER|PRKCZ|ENSG00000067606|ENST00000877862|protein_coding|ENST00000877862.1:c.334+34577G>A||||||||,intron_variant|MODIFIER|PRKCZ|ENSG00000067606|ENST00000877863|protein_coding|ENST00000877863.1:c.334+34577G>A||||||||,intron_variant|MODIFIER|PRKCZ|ENSG00000067606|ENST00000877864|protein_coding|ENST00000877864.1:c.334+34577G>A||||||||,intron_variant|MODIFIER|PRKCZ|ENSG00000067606|ENST00000926524|protein_coding|ENST00000926524.1:c.334+34577G>A||||||||,intron_variant|MODIFIER|PRKCZ|ENSG00000067606|ENST00000965048|protein_coding|ENST00000965048.1:c.334+34577G>A||||||||	NA12878	1|0
1	2098075	.	A	G	intron_variant|MODIFIER|PRKCZ|ENSG00000067606|ENST00000378567|protein_coding|ENST00000378567.8:c.335-37187A>G||YES||||||,intron_variant|MODIFIER|PRKCZ|ENSG00000067606|ENST00000400921|protein_coding|ENST00000400921.6:c.-216+24146A>G||||||||,intron_variant|MODIFIER|PRKCZ|ENSG00000067606|ENST00000461106|protein_coding|ENST00000461106.6:c.22+23800A>G||||||||,intron_variant|MODIFIER|PRKCZ|ENSG00000067606|ENST00000461465|protein_coding|ENST00000461465.5:c.-216+23308A>G||||||||,intron_variant&non_coding_transcript_variant|MODIFIER|PRKCZ|ENSG00000067606|ENST00000466651|protein_coding_CDS_not_defined|ENST00000466651.5:n.340-37187A>G||||||||,intron_variant|MODIFIER|PRKCZ|ENSG00000067606|ENST00000468310|protein_coding|ENST00000468310.5:c.245-37187A>G||||||||,intron_variant|MODIFIER|PRKCZ|ENSG00000067606|ENST00000470596|protein_coding|ENST00000470596.5:c.-216+22942A>G||||||||,intron_variant&NMD_transcript_variant|MODIFIER|PRKCZ|ENSG00000067606|ENST00000481140|nonsense_mediated_decay|ENST00000481140.5:c.140+15615A>G||||||||,intron_variant|MODIFIER|PRKCZ|ENSG00000067606|ENST00000495347|protein_coding|ENST00000495347.5:c.-424-272A>G||||||||,intron_variant|MODIFIER|PRKCZ|ENSG00000067606|ENST00000496325|protein_coding|ENST00000496325.5:c.-216+22696A>G||||||||,intron_variant|MODIFIER|PRKCZ|ENSG00000067606|ENST00000877862|protein_coding|ENST00000877862.1:c.335-37187A>G||||||||,intron_variant|MODIFIER|PRKCZ|ENSG00000067606|ENST00000877863|protein_coding|ENST00000877863.1:c.335-37187A>G||||||||,intron_variant|MODIFIER|PRKCZ|ENSG00000067606|ENST00000877864|protein_coding|ENST00000877864.1:c.335-37187A>G||||||||,intron_variant|MODIFIER|PRKCZ|ENSG00000067606|ENST00000926524|protein_coding|ENST00000926524.1:c.335-37187A>G||||||||,intron_variant|MODIFIER|PRKCZ|ENSG00000067606|ENST00000965048|protein_coding|ENST00000965048.1:c.335-37187A>G||||||||	NA12878	1|0
1	2098076	.	A	T	intron_variant|MODIFIER|PRKCZ|ENSG00000067606|ENST00000378567|protein_coding|ENST00000378567.8:c.335-37186A>T||YES||||||,intron_variant|MODIFIER|PRKCZ|ENSG00000067606|ENST00000400921|protein_coding|ENST00000400921.6:c.-216+24147A>T||||||||,intron_variant|MODIFIER|PRKCZ|ENSG00000067606|ENST00000461106|protein_coding|ENST00000461106.6:c.22+23801A>T||||||||,intron_variant|MODIFIER|PRKCZ|ENSG00000067606|ENST00000461465|protein_coding|ENST00000461465.5:c.-216+23309A>T||||||||,intron_variant&non_coding_transcript_variant|MODIFIER|PRKCZ|ENSG00000067606|ENST00000466651|protein_coding_CDS_not_defined|ENST00000466651.5:n.340-37186A>T||||||||,intron_variant|MODIFIER|PRKCZ|ENSG00000067606|ENST00000468310|protein_coding|ENST00000468310.5:c.245-37186A>T||||||||,intron_variant|MODIFIER|PRKCZ|ENSG00000067606|ENST00000470596|protein_coding|ENST00000470596.5:c.-216+22943A>T||||||||,intron_variant&NMD_transcript_variant|MODIFIER|PRKCZ|ENSG00000067606|ENST00000481140|nonsense_mediated_decay|ENST00000481140.5:c.140+15616A>T||||||||,intron_variant|MODIFIER|PRKCZ|ENSG00000067606|ENST00000495347|protein_coding|ENST00000495347.5:c.-424-271A>T||||||||,intron_variant|MODIFIER|PRKCZ|ENSG00000067606|ENST00000496325|protein_coding|ENST00000496325.5:c.-216+22697A>T||||||||,intron_variant|MODIFIER|PRKCZ|ENSG00000067606|ENST00000877862|protein_coding|ENST00000877862.1:c.335-37186A>T||||||||,intron_variant|MODIFIER|PRKCZ|ENSG00000067606|ENST00000877863|protein_coding|ENST00000877863.1:c.335-37186A>T||||||||,intron_variant|MODIFIER|PRKCZ|ENSG00000067606|ENST00000877864|protein_coding|ENST00000877864.1:c.335-37186A>T||||||||,intron_variant|MODIFIER|PRKCZ|ENSG00000067606|ENST00000926524|protein_coding|ENST00000926524.1:c.335-37186A>T||||||||,intron_variant|MODIFIER|PRKCZ|ENSG00000067606|ENST00000965048|protein_coding|ENST00000965048.1:c.335-37186A>T||||||||	NA12878	1|0
1	2111598	.	C	T	intron_variant|MODIFIER|PRKCZ|ENSG00000067606|ENST00000378567|protein_coding|ENST00000378567.8:c.335-23664C>T||YES||||||,intron_variant|MODIFIER|PRKCZ|ENSG00000067606|ENST00000400921|protein_coding|ENST00000400921.6:c.-215-23664C>T||||||||,intron_variant|MODIFIER|PRKCZ|ENSG00000067606|ENST00000461106|protein_coding|ENST00000461106.6:c.23-23664C>T||||||||,intron_variant|MODIFIER|PRKCZ|ENSG00000067606|ENST00000461465|protein_coding|ENST00000461465.5:c.-215-23664C>T||||||||,intron_variant&non_coding_transcript_variant|MODIFIER|PRKCZ|ENSG00000067606|ENST00000466651|protein_coding_CDS_not_defined|ENST00000466651.5:n.340-23664C>T||||||||,intron_variant|MODIFIER|PRKCZ|ENSG00000067606|ENST00000468310|protein_coding|ENST00000468310.5:c.245-23664C>T||||||||,upstream_gene_variant|MODIFIER|PRKCZ|ENSG00000067606|ENST00000470511|protein_coding|||||||||,intron_variant|MODIFIER|PRKCZ|ENSG00000067606|ENST00000470596|protein_coding|ENST00000470596.5:c.-215-23664C>T||||||||,upstream_gene_variant|MODIFIER|PRKCZ|ENSG00000067606|ENST00000470986|protein_coding|||||||||,intron_variant&NMD_transcript_variant|MODIFIER|PRKCZ|ENSG00000067606|ENST00000481140|nonsense_mediated_decay|ENST00000481140.5:c.141-23664C>T||||||||,intron_variant|MODIFIER|PRKCZ|ENSG00000067606|ENST00000482686|protein_coding|ENST00000482686.5:c.-216+6703C>T||||||||,intron_variant|MODIFIER|PRKCZ|ENSG00000067606|ENST00000486681|protein_coding|ENST00000486681.5:c.-402+6703C>T||||||||,intron_variant|MODIFIER|PRKCZ|ENSG00000067606|ENST00000495347|protein_coding|ENST00000495347.5:c.-216+13043C>T||||||||,intron_variant|MODIFIER|PRKCZ|ENSG00000067606|ENST00000496325|protein_coding|ENST00000496325.5:c.-215-23664C>T||||||||,intron_variant|MODIFIER|PRKCZ|ENSG00000067606|ENST00000877862|protein_coding|ENST00000877862.1:c.335-23664C>T||||||||,intron_variant|MODIFIER|PRKCZ|ENSG00000067606|ENST00000877863|protein_coding|ENST00000877863.1:c.335-23664C>T||||||||,intron_variant|MODIFIER|PRKCZ|ENSG00000067606|ENST00000877864|protein_coding|ENST00000877864.1:c.335-23664C>T||||||||,intron_variant|MODIFIER|PRKCZ|ENSG00000067606|ENST00000926524|protein_coding|ENST00000926524.1:c.335-23664C>T||||||||,intron_variant|MODIFIER|PRKCZ|ENSG00000067606|ENST00000965048|protein_coding|ENST00000965048.1:c.335-23664C>T||||||||	NA19240	1|0
1	2112675	.	T	G	intron_variant|MODIFIER|PRKCZ|ENSG00000067606|ENST00000378567|protein_coding|ENST00000378567.8:c.335-22587T>G||YES||||||,intron_variant|MODIFIER|PRKCZ|ENSG00000067606|ENST00000400921|protein_coding|ENST00000400921.6:c.-215-22587T>G||||||||,intron_variant|MODIFIER|PRKCZ|ENSG00000067606|ENST00000461106|protein_coding|ENST00000461106.6:c.23-22587T>G||||||||,intron_variant|MODIFIER|PRKCZ|ENSG00000067606|ENST00000461465|protein_coding|ENST00000461465.5:c.-215-22587T>G||||||||,intron_variant&non_coding_transcript_variant|MODIFIER|PRKCZ|ENSG00000067606|ENST00000466651|protein_coding_CDS_not_defined|ENST00000466651.5:n.340-22587T>G||||||||,intron_variant|MODIFIER|PRKCZ|ENSG00000067606|ENST00000468310|protein_coding|ENST00000468310.5:c.245-22587T>G||||||||,upstream_gene_variant|MODIFIER|PRKCZ|ENSG00000067606|ENST00000470511|protein_coding|||||||||,intron_variant|MODIFIER|PRKCZ|ENSG00000067606|ENST00000470596|protein_coding|ENST00000470596.5:c.-215-22587T>G||||||||,intron_variant|MODIFIER|PRKCZ|ENSG00000067606|ENST00000470986|protein_coding|ENST00000470986.5:c.-216+858T>G||||||||,intron_variant&NMD_transcript_variant|MODIFIER|PRKCZ|ENSG00000067606|ENST00000481140|nonsense_mediated_decay|ENST00000481140.5:c.141-22587T>G||||||||,intron_variant|MODIFIER|PRKCZ|ENSG00000067606|ENST00000482686|protein_coding|ENST00000482686.5:c.-216+7780T>G||||||||,intron_variant|MODIFIER|PRKCZ|ENSG00000067606|ENST00000486681|protein_coding|ENST00000486681.5:c.-402+7780T>G||||||||,intron_variant|MODIFIER|PRKCZ|ENSG00000067606|ENST00000495347|protein_coding|ENST00000495347.5:c.-216+14120T>G||||||||,intron_variant|MODIFIER|PRKCZ|ENSG00000067606|ENST00000496325|protein_coding|ENST00000496325.5:c.-215-22587T>G||||||||,intron_variant|MODIFIER|PRKCZ|ENSG00000067606|ENST00000877862|protein_coding|ENST00000877862.1:c.335-22587T>G||||||||,intron_variant|MODIFIER|PRKCZ|ENSG00000067606|ENST00000877863|protein_coding|ENST00000877863.1:c.335-22587T>G||||||||,intron_variant|MODIFIER|PRKCZ|ENSG00000067606|ENST00000877864|protein_coding|ENST00000877864.1:c.335-22587T>G||||||||,intron_variant|MODIFIER|PRKCZ|ENSG00000067606|ENST00000926524|protein_coding|ENST00000926524.1:c.335-22587T>G||||||||,intron_variant|MODIFIER|PRKCZ|ENSG00000067606|ENST00000965048|protein_coding|ENST00000965048.1:c.335-22587T>G||||||||,regulatory_region_variant|MODIFIER|||ENSR1_9SM9|enhancer|||||||||	NA12878	0|1
1	2147365	.	C	T	intron_variant|MODIFIER|PRKCZ|ENSG00000067606|ENST00000378567|protein_coding|ENST00000378567.8:c.634+1257C>T||YES||||||,intron_variant|MODIFIER|PRKCZ|ENSG00000067606|ENST00000400921|protein_coding|ENST00000400921.6:c.85+1257C>T||||||||,intron_variant&non_coding_transcript_variant|MODIFIER|PRKCZ|ENSG00000067606|ENST00000419838|protein_coding_CDS_not_defined|ENST00000419838.6:n.219-1507C>T||||||||,intron_variant|MODIFIER|PRKCZ|ENSG00000067606|ENST00000461106|protein_coding|ENST00000461106.6:c.322+1257C>T||||||||,intron_variant|MODIFIER|PRKCZ|ENSG00000067606|ENST00000461465|protein_coding|ENST00000461465.5:c.85+1257C>T||||||||,downstream_gene_variant|MODIFIER|PRKCZ|ENSG00000067606|ENST00000466352|protein_coding|||||||||,downstream_gene_variant|MODIFIER|PRKCZ|ENSG00000067606|ENST00000468310|protein_coding|||||||||,intron_variant|MODIFIER|PRKCZ|ENSG00000067606|ENST00000470511|protein_coding|ENST00000470511.5:c.85+1257C>T||||||||,intron_variant|MODIFIER|PRKCZ|ENSG00000067606|ENST00000470596|protein_coding|ENST00000470596.5:c.85+1257C>T||||||||,intron_variant|MODIFIER|PRKCZ|ENSG00000067606|ENST00000470986|protein_coding|ENST00000470986.5:c.85+1257C>T||||||||,intron_variant|MODIFIER|PRKCZ|ENSG00000067606|ENST00000471018|protein_coding|ENST00000471018.6:c.85+1257C>T||||||||,intron_variant&NMD_transcript_variant|MODIFIER|PRKCZ|ENSG00000067606|ENST00000478770|nonsense_mediated_decay|ENST00000478770.6:c.73+1257C>T||||||||,intron_variant&non_coding_transcript_variant|MODIFIER|PRKCZ|ENSG00000067606|ENST00000479263|protein_coding_CDS_not_defined|ENST00000479263.5:n.216+1257C>T||||||||,intron_variant&NMD_transcript_variant|MODIFIER|PRKCZ|ENSG00000067606|ENST00000481140|nonsense_mediated_decay|ENST00000481140.5:c.*218+1257C>T||||||||,intron_variant|MODIFIER|PRKCZ|ENSG00000067606|ENST00000482686|protein_coding|ENST00000482686.5:c.85+1257C>T||||||||,intron_variant|MODIFIER|PRKCZ|ENSG00000067606|ENST00000486681|protein_coding|ENST00000486681.5:c.73+1257C>T||||||||,downstream_gene_variant|MODIFIER|PRKCZ|ENSG00000067606|ENST00000495347|protein_coding|||||||||,intron_variant|MODIFIER|PRKCZ|ENSG00000067606|ENST00000496325|protein_coding|ENST00000496325.5:c.85+1257C>T||||||||,intron_variant|MODIFIER|PRKCZ|ENSG00000067606|ENST00000497183|protein_coding|ENST00000497183.5:c.73+1257C>T||||||||,intron_variant&non_coding_transcript_variant|MODIFIER|PRKCZ|ENSG00000067606|ENST00000503672|retained_intron|ENST00000503672.1:n.237+1257C>T||||||||,upstream_gene_variant|MODIFIER||ENSG00000271806|ENST00000606533|lncRNA|||YES||||||,intron_variant|MODIFIER|PRKCZ|ENSG00000067606|ENST00000877862|protein_coding|ENST00000877862.1:c.634+1257C>T||||||||,intron_variant|MODIFIER|PRKCZ|ENSG00000067606|ENST00000877863|protein_coding|ENST00000877863.1:c.634+1257C>T||||||||,intron_variant|MODIFIER|PRKCZ|ENSG00000067606|ENST00000877864|protein_coding|ENST00000877864.1:c.634+1257C>T||||||||,intron_variant|MODIFIER|PRKCZ|ENSG00000067606|ENST00000926524|protein_coding|ENST00000926524.1:c.421-3425C>T||||||||,intron_variant|MODIFIER|PRKCZ|ENSG00000067606|ENST00000965048|protein_coding|ENST00000965048.1:c.634+1257C>T||||||||	NA12878	0|1
1	2155662	.	G	A	intron_variant|MODIFIER|PRKCZ|ENSG00000067606|ENST00000378567|protein_coding|ENST00000378567.8:c.877-333G>A||YES||||||,intron_variant|MODIFIER|PRKCZ|ENSG00000067606|ENST00000400921|protein_coding|ENST00000400921.6:c.328-333G>A||||||||,downstream_gene_variant|MODIFIER|PRKCZ|ENSG00000067606|ENST00000419838|protein_coding_CDS_not_defined|||||||||,intron_variant|MODIFIER|PRKCZ|ENSG00000067606|ENST00000461106|protein_coding|ENST00000461106.6:c.565-333G>A||||||||,downstream_gene_variant|MODIFIER|PRKCZ|ENSG00000067606|ENST00000461465|protein_coding|||||||||,downstream_gene_variant|MODIFIER|PRKCZ|ENSG00000067606|ENST00000470511|protein_coding|||||||||,downstream_gene_variant|MODIFIER|PRKCZ|ENSG00000067606|ENST00000470596|protein_coding|||||||||,downstream_gene_variant|MODIFIER|PRKCZ|ENSG00000067606|ENST00000470986|protein_coding|||||||||,intron_variant&NMD_transcript_variant|MODIFIER|PRKCZ|ENSG00000067606|ENST00000478770|nonsense_mediated_decay|ENST00000478770.6:c.316-333G>A||||||||,intron_variant&non_coding_transcript_variant|MODIFIER|PRKCZ|ENSG00000067606|ENST00000479263|protein_coding_CDS_not_defined|ENST00000479263.5:n.459-333G>A||||||||,downstream_gene_variant|MODIFIER|PRKCZ|ENSG00000067606|ENST00000481140|nonsense_mediated_decay|||||||||,downstream_gene_variant|MODIFIER|PRKCZ|ENSG00000067606|ENST00000482686|protein_coding|||||||||,intron_variant|MODIFIER|PRKCZ|ENSG00000067606|ENST00000486681|protein_coding|ENST00000486681.5:c.316-333G>A||||||||,downstream_gene_variant|MODIFIER|PRKCZ|ENSG00000067606|ENST00000496325|protein_coding|||||||||,downstream_gene_variant|MODIFIER|PRKCZ|ENSG00000067606|ENST00000497183|protein_coding|||||||||,intron_variant&non_coding_transcript_variant|MODIFIER|PRKCZ|ENSG00000067606|ENST00000503672|retained_intron|ENST00000503672.1:n.480-333G>A||||||||,intron_variant|MODIFIER|PRKCZ|ENSG00000067606|ENST00000877862|protein_coding|ENST00000877862.1:c.877-333G>A||||||||,intron_variant|MODIFIER|PRKCZ|ENSG00000067606|ENST00000877863|protein_coding|ENST00000877863.1:c.877-333G>A||||||||,intron_variant|MODIFIER|PRKCZ|ENSG00000067606|ENST00000877864|protein_coding|ENST00000877864.1:c.877-333G>A||||||||,intron_variant|MODIFIER|PRKCZ|ENSG00000067606|ENST00000926524|protein_coding|ENST00000926524.1:c.610-333G>A||||||||,intron_variant|MODIFIER|PRKCZ|ENSG00000067606|ENST00000965048|protein_coding|ENST00000965048.1:c.877-333G>A||||||||	NA19240	0|1
1	2189022	.	A	C	downstream_gene_variant|MODIFIER|FAAP20|ENSG00000162585|ENST00000378543|protein_coding|||||||||,downstream_gene_variant|MODIFIER|FAAP20|ENSG00000162585|ENST00000378546|protein_coding|||YES||||||,downstream_gene_variant|MODIFIER|PRKCZ|ENSG00000067606|ENST00000378567|protein_coding|||YES||||||,intron_variant|MODIFIER|FAAP20|ENSG00000162585|ENST00000400918|protein_coding|ENST00000400918.7:c.471-3509T>G||||||||,intron_variant|MODIFIER|FAAP20|ENSG00000162585|ENST00000400919|protein_coding|ENST00000400919.7:c.335-3509T>G||||||||,downstream_gene_variant|MODIFIER|PRKCZ|ENSG00000067606|ENST00000400921|protein_coding|||||||||,downstream_gene_variant|MODIFIER|FAAP20|ENSG00000162585|ENST00000401813|protein_coding_CDS_not_defined|||||||||,intron_variant&NMD_transcript_variant|MODIFIER|FAAP20|ENSG00000162585|ENST00000414253|nonsense_mediated_decay|ENST00000414253.5:c.539+691T>G||||||||,downstream_gene_variant|MODIFIER|FAAP20|ENSG00000162585|ENST00000420515|protein_coding|||||||||,intron_variant&NMD_transcript_variant|MODIFIER|FAAP20|ENSG00000162585|ENST00000428120|nonsense_mediated_decay|ENST00000428120.5:c.*82+691T>G||||||||,downstream_gene_variant|MODIFIER|FAAP20|ENSG00000162585|ENST00000440825|nonsense_mediated_decay|||||||||,upstream_gene_variant|MODIFIER|PRKCZ-AS1|ENSG00000182873|ENST00000444529|lncRNA|||||||||,downstream_gene_variant|MODIFIER|PRKCZ|ENSG00000067606|ENST00000461106|protein_coding|||||||||,intron_variant&non_coding_transcript_variant|MODIFIER|FAAP20|ENSG00000162585|ENST00000469733|protein_coding_CDS_not_defined|ENST00000469733.5:n.1231-3509T>G||||||||,downstream_gene_variant|MODIFIER|FAAP20|ENSG00000162585|ENST00000476803|protein_coding_CDS_not_defined|||||||||,downstream_gene_variant|MODIFIER|PRKCZ|ENSG00000067606|ENST00000478770|nonsense_mediated_decay|||||||||,downstream_gene_variant|MODIFIER|PRKCZ|ENSG00000067606|ENST00000479263|protein_coding_CDS_not_defined|||||||||,downstream_gene_variant|MODIFIER|FAAP20|ENSG00000162585|ENST00000487186|protein_coding_CDS_not_defined|||||||||,downstream_gene_variant|MODIFIER|FAAP20|ENSG00000162585|ENST00000497675|retained_intron|||||||||,downstream_gene_variant|MODIFIER|PRKCZ|ENSG00000067606|ENST00000505322|retained_intron|||||||||,downstream_gene_variant|MODIFIER|PRKCZ|ENSG00000067606|ENST00000877862|protein_coding|||||||||,downstream_gene_variant|MODIFIER|PRKCZ|ENSG00000067606|ENST00000877863|protein_coding|||||||||,downstream_gene_variant|MODIFIER|PRKCZ|ENSG00000067606|ENST00000877864|protein_coding|||||||||,downstream_gene_variant|MODIFIER|FAAP20|ENSG00000162585|ENST00000904918|protein_coding|||||||||,downstream_gene_variant|MODIFIER|FAAP20|ENSG00000162585|ENST00000904919|protein_coding|||||||||,downstream_gene_variant|MODIFIER|FAAP20|ENSG00000162585|ENST00000904920|protein_coding|||||||||,downstream_gene_variant|MODIFIER|FAAP20|ENSG00000162585|ENST00000925510|protein_coding|||||||||,downstream_gene_variant|MODIFIER|PRKCZ|ENSG00000067606|ENST00000926524|protein_coding|||||||||,downstream_gene_variant|MODIFIER|PRKCZ|ENSG00000067606|ENST00000965048|protein_coding|||||||||	NA12878	0|1
1	2236920	.	G	A	intron_variant|MODIFIER|SKI|ENSG00000157933|ENST00000378536|protein_coding|ENST00000378536.5:c.969+7185G>A||YES||||||,intron_variant&non_coding_transcript_variant|MODIFIER|SKI|ENSG00000157933|ENST00000508416|protein_coding_CDS_not_defined|ENST00000508416.1:n.191+4251G>A||||||||,intron_variant&non_coding_transcript_variant|MODIFIER|SKI|ENSG00000157933|ENST00000704337|protein_coding_CDS_not_defined|ENST00000704337.1:n.137+9396G>A||||||||,intron_variant|MODIFIER|SKI|ENSG00000157933|ENST00000851187|protein_coding|ENST00000851187.1:c.969+7185G>A||||||||	NA12878	0|1
1	2245578	.	C	T	intron_variant|MODIFIER|SKI|ENSG00000157933|ENST00000378536|protein_coding|ENST00000378536.5:c.969+15843C>T||YES||||||,upstream_gene_variant|MODIFIER|SKI|ENSG00000157933|ENST00000478223|protein_coding_CDS_not_defined|||||||||,intron_variant&non_coding_transcript_variant|MODIFIER|SKI|ENSG00000157933|ENST00000508416|protein_coding_CDS_not_defined|ENST00000508416.1:n.191+12909C>T||||||||,intron_variant&non_coding_transcript_variant|MODIFIER|SKI|ENSG00000157933|ENST00000704337|protein_coding_CDS_not_defined|ENST00000704337.1:n.137+18054C>T||||||||,intron_variant|MODIFIER|SKI|ENSG00000157933|ENST00000851187|protein_coding|ENST00000851187.1:c.969+15843C>T||||||||	NA12878	0|1
1	2278757	.	A	C	intron_variant|MODIFIER|SKI|ENSG00000157933|ENST00000378536|protein_coding|ENST00000378536.5:c.970-24221A>C||YES||||||,intron_variant&non_coding_transcript_variant|MODIFIER|SKI|ENSG00000157933|ENST00000478223|protein_coding_CDS_not_defined|ENST00000478223.2:n.77-24221A>C||||||||,intron_variant&non_coding_transcript_variant|MODIFIER|SKI|ENSG00000157933|ENST00000508416|protein_coding_CDS_not_defined|ENST00000508416.1:n.192-24221A>C||||||||,intron_variant&non_coding_transcript_variant|MODIFIER|SKI|ENSG00000157933|ENST00000704337|protein_coding_CDS_not_defined|ENST00000704337.1:n.138-24221A>C||||||||,intron_variant|MODIFIER|SKI|ENSG00000157933|ENST00000851187|protein_coding|ENST00000851187.1:c.970-24221A>C||||||||,regulatory_region_variant|MODIFIER|||ENSR1_C84W|enhancer|||||||||	NA12878	0|1
1	2285626	.	G	A	intron_variant|MODIFIER|SKI|ENSG00000157933|ENST00000378536|protein_coding|ENST00000378536.5:c.970-17352G>A||YES||||||,intron_variant&non_coding_transcript_variant|MODIFIER|SKI|ENSG00000157933|ENST00000478223|protein_coding_CDS_not_defined|ENST00000478223.2:n.77-17352G>A||||||||,intron_variant&non_coding_transcript_variant|MODIFIER|SKI|ENSG00000157933|ENST00000508416|protein_coding_CDS_not_defined|ENST00000508416.1:n.192-17352G>A||||||||,intron_variant&non_coding_transcript_variant|MODIFIER|SKI|ENSG00000157933|ENST00000704337|protein_coding_CDS_not_defined|ENST00000704337.1:n.138-17352G>A||||||||,intron_variant|MODIFIER|SKI|ENSG00000157933|ENST00000851187|protein_coding|ENST00000851187.1:c.970-17352G>A||||||||	NA12878	0|1
1	2286595	.	C	T	intron_variant|MODIFIER|SKI|ENSG00000157933|ENST00000378536|protein_coding|ENST00000378536.5:c.970-16383C>T||YES||||||,intron_variant&non_coding_transcript_variant|MODIFIER|SKI|ENSG00000157933|ENST00000478223|protein_coding_CDS_not_defined|ENST00000478223.2:n.77-16383C>T||||||||,intron_variant&non_coding_transcript_variant|MODIFIER|SKI|ENSG00000157933|ENST00000508416|protein_coding_CDS_not_defined|ENST00000508416.1:n.192-16383C>T||||||||,intron_variant&non_coding_transcript_variant|MODIFIER|SKI|ENSG00000157933|ENST00000704337|protein_coding_CDS_not_defined|ENST00000704337.1:n.138-16383C>T||||||||,intron_variant|MODIFIER|SKI|ENSG00000157933|ENST00000851187|protein_coding|ENST00000851187.1:c.970-16383C>T||||||||	NA12878	0|1
1	2287526	.	C	T	intron_variant|MODIFIER|SKI|ENSG00000157933|ENST00000378536|protein_coding|ENST00000378536.5:c.970-15452C>T||YES||||||,intron_variant&non_coding_transcript_variant|MODIFIER|SKI|ENSG00000157933|ENST00000478223|protein_coding_CDS_not_defined|ENST00000478223.2:n.77-15452C>T||||||||,intron_variant&non_coding_transcript_variant|MODIFIER|SKI|ENSG00000157933|ENST00000508416|protein_coding_CDS_not_defined|ENST00000508416.1:n.192-15452C>T||||||||,intron_variant&non_coding_transcript_variant|MODIFIER|SKI|ENSG00000157933|ENST00000704337|protein_coding_CDS_not_defined|ENST00000704337.1:n.138-15452C>T||||||||,intron_variant|MODIFIER|SKI|ENSG00000157933|ENST00000851187|protein_coding|ENST00000851187.1:c.970-15452C>T||||||||	NA12878	0|1
1	2287529	.	G	A	intron_variant|MODIFIER|SKI|ENSG00000157933|ENST00000378536|protein_coding|ENST00000378536.5:c.970-15449G>A||YES||||||,intron_variant&non_coding_transcript_variant|MODIFIER|SKI|ENSG00000157933|ENST00000478223|protein_coding_CDS_not_defined|ENST00000478223.2:n.77-15449G>A||||||||,intron_variant&non_coding_transcript_variant|MODIFIER|SKI|ENSG00000157933|ENST00000508416|protein_coding_CDS_not_defined|ENST00000508416.1:n.192-15449G>A||||||||,intron_variant&non_coding_transcript_variant|MODIFIER|SKI|ENSG00000157933|ENST00000704337|protein_coding_CDS_not_defined|ENST00000704337.1:n.138-15449G>A||||||||,intron_variant|MODIFIER|SKI|ENSG00000157933|ENST00000851187|protein_coding|ENST00000851187.1:c.970-15449G>A||||||||	NA12878	0|1
1	2288000	.	T	G	intron_variant|MODIFIER|SKI|ENSG00000157933|ENST00000378536|protein_coding|ENST00000378536.5:c.970-14978T>G||YES||||||,intron_variant&non_coding_transcript_variant|MODIFIER|SKI|ENSG00000157933|ENST00000478223|protein_coding_CDS_not_defined|ENST00000478223.2:n.77-14978T>G||||||||,intron_variant&non_coding_transcript_variant|MODIFIER|SKI|ENSG00000157933|ENST00000508416|protein_coding_CDS_not_defined|ENST00000508416.1:n.192-14978T>G||||||||,intron_variant&non_coding_transcript_variant|MODIFIER|SKI|ENSG00000157933|ENST00000704337|protein_coding_CDS_not_defined|ENST00000704337.1:n.138-14978T>G||||||||,intron_variant|MODIFIER|SKI|ENSG00000157933|ENST00000851187|protein_coding|ENST00000851187.1:c.970-14978T>G||||||||	NA12878	0|1
1	2300527	.	G	C	intron_variant|MODIFIER|SKI|ENSG00000157933|ENST00000378536|protein_coding|ENST00000378536.5:c.970-2451G>C||YES||||||,intron_variant&non_coding_transcript_variant|MODIFIER|SKI|ENSG00000157933|ENST00000478223|protein_coding_CDS_not_defined|ENST00000478223.2:n.77-2451G>C||||||||,upstream_gene_variant|MODIFIER|SKI|ENSG00000157933|ENST00000507179|retained_intron|||||||||,intron_variant&non_coding_transcript_variant|MODIFIER|SKI|ENSG00000157933|ENST00000508416|protein_coding_CDS_not_defined|ENST00000508416.1:n.192-2451G>C||||||||,intron_variant&non_coding_transcript_variant|MODIFIER|SKI|ENSG00000157933|ENST00000704337|protein_coding_CDS_not_defined|ENST00000704337.1:n.138-2451G>C||||||||,downstream_gene_variant|MODIFIER||ENSG00000295493|ENST00000730475|lncRNA|||YES||||||,intron_variant|MODIFIER|SKI|ENSG00000157933|ENST00000851187|protein_coding|ENST00000851187.1:c.970-2451G>C||||||||,regulatory_region_variant|MODIFIER|||ENSR1_D547|enhancer|||||||||	NA12878	0|1
1	2309905	.	C	T	3_prime_UTR_variant|MODIFIER|SKI|ENSG00000157933|ENST00000378536|protein_coding|ENST00000378536.5:c.*3140C>T||YES||||||,3_prime_UTR_variant|MODIFIER|SKI|ENSG00000157933|ENST00000851187|protein_coding|ENST00000851187.1:c.*3140C>T||||||||	NA19240	1|0
1	2314787	.	C	A	downstream_gene_variant|MODIFIER|SKI|ENSG00000157933|ENST00000378536|protein_coding|||YES||||||,upstream_gene_variant|MODIFIER||ENSG00000287356|ENST00000659232|lncRNA|||||||||,upstream_gene_variant|MODIFIER||ENSG00000287356|ENST00000661319|lncRNA|||YES||||||,upstream_gene_variant|MODIFIER||ENSG00000287356|ENST00000810880|lncRNA|||||||||,upstream_gene_variant|MODIFIER||ENSG00000287356|ENST00000810881|lncRNA|||||||||,upstream_gene_variant|MODIFIER||ENSG00000287356|ENST00000810882|lncRNA|||||||||,upstream_gene_variant|MODIFIER||ENSG00000287356|ENST00000810883|lncRNA|||||||||,upstream_gene_variant|MODIFIER||ENSG00000287356|ENST00000810884|lncRNA|||||||||,upstream_gene_variant|MODIFIER||ENSG00000287356|ENST00000810885|lncRNA|||||||||,upstream_gene_variant|MODIFIER||ENSG00000287356|ENST00000810886|lncRNA|||||||||,upstream_gene_variant|MODIFIER||ENSG00000287356|ENST00000810887|lncRNA|||||||||,upstream_gene_variant|MODIFIER||ENSG00000287356|ENST00000810888|lncRNA|||||||||,upstream_gene_variant|MODIFIER||ENSG00000287356|ENST00000810889|lncRNA|||||||||,upstream_gene_variant|MODIFIER||ENSG00000287356|ENST00000810890|lncRNA|||||||||,upstream_gene_variant|MODIFIER||ENSG00000287356|ENST00000810891|lncRNA|||||||||,upstream_gene_variant|MODIFIER||ENSG00000287356|ENST00000810892|lncRNA|||||||||,upstream_gene_variant|MODIFIER||ENSG00000287356|ENST00000810893|lncRNA|||||||||,upstream_gene_variant|MODIFIER||ENSG00000287356|ENST00000810894|lncRNA|||||||||,upstream_gene_variant|MODIFIER||ENSG00000287356|ENST00000810895|lncRNA|||||||||,upstream_gene_variant|MODIFIER||ENSG00000287356|ENST00000810896|lncRNA|||||||||,downstream_gene_variant|MODIFIER|SKI|ENSG00000157933|ENST00000851187|protein_coding|||||||||,downstream_gene_variant|MODIFIER|MORN1|ENSG00000116151|ENST00000874224|protein_coding|||||||||,downstream_gene_variant|MODIFIER|MORN1|ENSG00000116151|ENST00000874225|protein_coding|||||||||,regulatory_region_variant|MODIFIER|||ENSR1_BGDT|promoter|||||||||	NA19240	1|0
1	2388801	.	G	A	upstream_gene_variant|MODIFIER|RER1|ENSG00000157916|ENST00000306256|protein_coding|||||||||,upstream_gene_variant|MODIFIER|RER1|ENSG00000157916|ENST00000378512|protein_coding|||||||||,upstream_gene_variant|MODIFIER|RER1|ENSG00000157916|ENST00000378513|protein_coding|||||||||,upstream_gene_variant|MODIFIER|RER1|ENSG00000157916|ENST00000378518|protein_coding|||||||||,intron_variant&NMD_transcript_variant|MODIFIER|MORN1|ENSG00000116151|ENST00000378525|nonsense_mediated_decay|ENST00000378525.2:c.77-464C>T||||||||,intron_variant|MODIFIER|MORN1|ENSG00000116151|ENST00000378529|protein_coding|ENST00000378529.7:c.149-464C>T||||||||,intron_variant|MODIFIER|MORN1|ENSG00000116151|ENST00000378531|protein_coding|ENST00000378531.8:c.149-464C>T||YES||||||,upstream_gene_variant|MODIFIER|MORN1|ENSG00000116151|ENST00000419785|retained_intron|||||||||,upstream_gene_variant|MODIFIER|RER1|ENSG00000157916|ENST00000443438|protein_coding|||||||||,upstream_gene_variant|MODIFIER|MORN1|ENSG00000116151|ENST00000449373|protein_coding|||||||||,upstream_gene_variant|MODIFIER|MORN1|ENSG00000116151|ENST00000469374|retained_intron|||||||||,upstream_gene_variant|MODIFIER|MORN1|ENSG00000116151|ENST00000475812|retained_intron|||||||||,upstream_gene_variant|MODIFIER|RER1|ENSG00000157916|ENST00000493207|retained_intron|||||||||,intron_variant|MODIFIER|MORN1|ENSG00000116151|ENST00000494279|protein_coding|ENST00000494279.2:c.73-464C>T||||||||,upstream_gene_variant|MODIFIER|RER1|ENSG00000157916|ENST00000605895|protein_coding|||YES||||||,intron_variant&non_coding_transcript_variant|MODIFIER|MORN1|ENSG00000116151|ENST00000606372|protein_coding_CDS_not_defined|ENST00000606372.5:n.231-464C>T||||||||,upstream_gene_variant|MODIFIER|MORN1|ENSG00000116151|ENST00000607031|retained_intron|||||||||,downstream_gene_variant|MODIFIER||ENSG00000295371|ENST00000729642|lncRNA|||YES||||||,intron_variant|MODIFIER|MORN1|ENSG00000116151|ENST00000874224|protein_coding|ENST00000874224.1:c.77-464C>T||||||||,intron_variant|MODIFIER|MORN1|ENSG00000116151|ENST00000874225|protein_coding|ENST00000874225.1:c.149-464C>T||||||||,intron_variant|MODIFIER|MORN1|ENSG00000116151|ENST00000874226|protein_coding|ENST00000874226.1:c.149-464C>T||||||||,intron_variant|MODIFIER|MORN1|ENSG00000116151|ENST00000874227|protein_coding|ENST00000874227.1:c.149-464C>T||||||||,intron_variant|MODIFIER|MORN1|ENSG00000116151|ENST00000874228|protein_coding|ENST00000874228.1:c.77-464C>T||||||||,upstream_gene_variant|MODIFIER|RER1|ENSG00000157916|ENST00000874469|protein_coding|||||||||,upstream_gene_variant|MODIFIER|RER1|ENSG00000157916|ENST00000874470|protein_coding|||||||||,upstream_gene_variant|MODIFIER|RER1|ENSG00000157916|ENST00000874471|protein_coding|||||||||,upstream_gene_variant|MODIFIER|RER1|ENSG00000157916|ENST00000874472|protein_coding|||||||||,upstream_gene_variant|MODIFIER|RER1|ENSG00000157916|ENST00000874473|protein_coding|||||||||,upstream_gene_variant|MODIFIER|RER1|ENSG00000157916|ENST00000874474|protein_coding|||||||||,upstream_gene_variant|MODIFIER|RER1|ENSG00000157916|ENST00000874475|protein_coding|||||||||,upstream_gene_variant|MODIFIER|RER1|ENSG00000157916|ENST00000874476|protein_coding|||||||||,upstream_gene_variant|MODIFIER|RER1|ENSG00000157916|ENST00000874477|protein_coding|||||||||,upstream_gene_variant|MODIFIER|RER1|ENSG00000157916|ENST00000874478|protein_coding|||||||||,upstream_gene_variant|MODIFIER|RER1|ENSG00000157916|ENST00000874479|protein_coding|||||||||,upstream_gene_variant|MODIFIER|RER1|ENSG00000157916|ENST00000874480|protein_coding|||||||||,upstream_gene_variant|MODIFIER|RER1|ENSG00000157916|ENST00000874481|protein_coding|||||||||,upstream_gene_variant|MODIFIER|RER1|ENSG00000157916|ENST00000874482|protein_coding|||||||||,upstream_gene_variant|MODIFIER|RER1|ENSG00000157916|ENST00000874483|protein_coding|||||||||,upstream_gene_variant|MODIFIER|RER1|ENSG00000157916|ENST00000874484|protein_coding|||||||||,upstream_gene_variant|MODIFIER|RER1|ENSG00000157916|ENST00000874485|protein_coding|||||||||,upstream_gene_variant|MODIFIER|RER1|ENSG00000157916|ENST00000874486|protein_coding|||||||||,upstream_gene_variant|MODIFIER|RER1|ENSG00000157916|ENST00000920616|protein_coding|||||||||,upstream_gene_variant|MODIFIER|RER1|ENSG00000157916|ENST00000920617|protein_coding|||||||||,upstream_gene_variant|MODIFIER|RER1|ENSG00000157916|ENST00000920618|protein_coding|||||||||,upstream_gene_variant|MODIFIER|RER1|ENSG00000157916|ENST00000920619|protein_coding|||||||||,upstream_gene_variant|MODIFIER|RER1|ENSG00000157916|ENST00000920620|protein_coding|||||||||,upstream_gene_variant|MODIFIER|RER1|ENSG00000157916|ENST00000920621|protein_coding|||||||||,upstream_gene_variant|MODIFIER|RER1|ENSG00000157916|ENST00000920622|protein_coding|||||||||,upstream_gene_variant|MODIFIER|RER1|ENSG00000157916|ENST00000920623|protein_coding|||||||||,upstream_gene_variant|MODIFIER|RER1|ENSG00000157916|ENST00000920624|protein_coding|||||||||,upstream_gene_variant|MODIFIER|RER1|ENSG00000157916|ENST00000920625|protein_coding|||||||||,upstream_gene_variant|MODIFIER|RER1|ENSG00000157916|ENST00000920626|protein_coding|||||||||,upstream_gene_variant|MODIFIER|RER1|ENSG00000157916|ENST00000920627|protein_coding|||||||||,upstream_gene_variant|MODIFIER|RER1|ENSG00000157916|ENST00000920628|protein_coding|||||||||,upstream_gene_variant|MODIFIER|RER1|ENSG00000157916|ENST00000920629|protein_coding|||||||||,upstream_gene_variant|MODIFIER|RER1|ENSG00000157916|ENST00000920630|protein_coding|||||||||,upstream_gene_variant|MODIFIER|RER1|ENSG00000157916|ENST00000954665|protein_coding|||||||||,upstream_gene_variant|MODIFIER|RER1|ENSG00000157916|ENST00000954666|protein_coding|||||||||,upstream_gene_variant|MODIFIER|RER1|ENSG00000157916|ENST00000954667|protein_coding|||||||||,upstream_gene_variant|MODIFIER|RER1|ENSG00000157916|ENST00000954668|protein_coding|||||||||,upstream_gene_variant|MODIFIER|RER1|ENSG00000157916|ENST00000954669|protein_coding|||||||||,upstream_gene_variant|MODIFIER|RER1|ENSG00000157916|ENST00000954670|protein_coding|||||||||,intron_variant|MODIFIER|MORN1|ENSG00000116151|ENST00000963688|protein_coding|ENST00000963688.1:c.149-464C>T||||||||,intron_variant|MODIFIER|MORN1|ENSG00000116151|ENST00000963689|protein_coding|ENST00000963689.1:c.77-464C>T||||||||,intron_variant|MODIFIER|MORN1|ENSG00000116151|ENST00000963690|protein_coding|ENST00000963690.1:c.203-464C>T||||||||	NA12878	1|0
1	2392249	.	A	G	intron_variant|MODIFIER|RER1|ENSG00000157916|ENST00000306256|protein_coding|ENST00000306256.13:c.-49+291A>G||||||||,intron_variant|MODIFIER|RER1|ENSG00000157916|ENST00000378512|protein_coding|ENST00000378512.5:c.-8+291A>G||||||||,intron_variant|MODIFIER|RER1|ENSG00000157916|ENST00000378513|protein_coding|ENST00000378513.7:c.-8+291A>G||||||||,intron_variant|MODIFIER|RER1|ENSG00000157916|ENST00000378518|protein_coding|ENST00000378518.5:c.-8+291A>G||||||||,upstream_gene_variant|MODIFIER|MORN1|ENSG00000116151|ENST00000378525|nonsense_mediated_decay|||||||||,upstream_gene_variant|MODIFIER|MORN1|ENSG00000116151|ENST00000378529|protein_coding|||||||||,upstream_gene_variant|MODIFIER|MORN1|ENSG00000116151|ENST00000378531|protein_coding|||YES||||||,upstream_gene_variant|MODIFIER|RER1|ENSG00000157916|ENST00000443438|protein_coding|||||||||,upstream_gene_variant|MODIFIER|MORN1|ENSG00000116151|ENST00000449373|protein_coding|||||||||,upstream_gene_variant|MODIFIER|MORN1|ENSG00000116151|ENST00000469374|retained_intron|||||||||,upstream_gene_variant|MODIFIER|MORN1|ENSG00000116151|ENST00000475812|retained_intron|||||||||,upstream_gene_variant|MODIFIER|RER1|ENSG00000157916|ENST00000488353|protein_coding|||||||||,intron_variant&non_coding_transcript_variant|MODIFIER|RER1|ENSG00000157916|ENST00000493207|retained_intron|ENST00000493207.1:n.102+291A>G||||||||,upstream_gene_variant|MODIFIER|MORN1|ENSG00000116151|ENST00000494279|protein_coding|||||||||,intron_variant|MODIFIER|RER1|ENSG00000157916|ENST00000605895|protein_coding|ENST00000605895.6:c.-8+291A>G||YES||||||,upstream_gene_variant|MODIFIER|MORN1|ENSG00000116151|ENST00000606372|protein_coding_CDS_not_defined|||||||||,upstream_gene_variant|MODIFIER|MORN1|ENSG00000116151|ENST00000607031|retained_intron|||||||||,downstream_gene_variant|MODIFIER||ENSG00000295371|ENST00000729642|lncRNA|||YES||||||,upstream_gene_variant|MODIFIER|MORN1|ENSG00000116151|ENST00000874224|protein_coding|||||||||,upstream_gene_variant|MODIFIER|MORN1|ENSG00000116151|ENST00000874225|protein_coding|||||||||,upstream_gene_variant|MODIFIER|MORN1|ENSG00000116151|ENST00000874226|protein_coding|||||||||,upstream_gene_variant|MODIFIER|MORN1|ENSG00000116151|ENST00000874227|protein_coding|||||||||,upstream_gene_variant|MODIFIER|MORN1|ENSG00000116151|ENST00000874228|protein_coding|||||||||,intron_variant|MODIFIER|RER1|ENSG00000157916|ENST00000874469|protein_coding|ENST00000874469.1:c.-8+884A>G||||||||,intron_variant|MODIFIER|RER1|ENSG00000157916|ENST00000874470|protein_coding|ENST00000874470.1:c.-94+291A>G||||||||,intron_variant|MODIFIER|RER1|ENSG00000157916|ENST00000874471|protein_coding|ENST00000874471.1:c.-90+291A>G||||||||,intron_variant|MODIFIER|RER1|ENSG00000157916|ENST00000874472|protein_coding|ENST00000874472.1:c.-156+291A>G||||||||,intron_variant|MODIFIER|RER1|ENSG00000157916|ENST00000874473|protein_coding|ENST00000874473.1:c.-2+291A>G||||||||,intron_variant|MODIFIER|RER1|ENSG00000157916|ENST00000874474|protein_coding|ENST00000874474.1:c.-8+123A>G||||||||,intron_variant|MODIFIER|RER1|ENSG00000157916|ENST00000874475|protein_coding|ENST00000874475.1:c.-88+291A>G||||||||,upstream_gene_variant|MODIFIER|RER1|ENSG00000157916|ENST00000874476|protein_coding|||||||||,intron_variant|MODIFIER|RER1|ENSG00000157916|ENST00000874477|protein_coding|ENST00000874477.1:c.-132+291A>G||||||||,intron_variant|MODIFIER|RER1|ENSG00000157916|ENST00000874478|protein_coding|ENST00000874478.1:c.-161+291A>G||||||||,5_prime_UTR_variant|MODIFIER|RER1|ENSG00000157916|ENST00000874479|protein_coding|ENST00000874479.1:c.-134A>G||||||||,intron_variant|MODIFIER|RER1|ENSG00000157916|ENST00000874480|protein_coding|ENST00000874480.1:c.-8+480A>G||||||||,intron_variant|MODIFIER|RER1|ENSG00000157916|ENST00000874481|protein_coding|ENST00000874481.1:c.-75+291A>G||||||||,intron_variant|MODIFIER|RER1|ENSG00000157916|ENST00000874482|protein_coding|ENST00000874482.1:c.-84+291A>G||||||||,intron_variant|MODIFIER|RER1|ENSG00000157916|ENST00000874483|protein_coding|ENST00000874483.1:c.-90+123A>G||||||||,intron_variant|MODIFIER|RER1|ENSG00000157916|ENST00000874484|protein_coding|ENST00000874484.1:c.-8+291A>G||||||||,5_prime_UTR_variant|MODIFIER|RER1|ENSG00000157916|ENST00000874485|protein_coding|ENST00000874485.1:c.-1114A>G||||||||,upstream_gene_variant|MODIFIER|RER1|ENSG00000157916|ENST00000874486|protein_coding|||||||||,5_prime_UTR_variant|MODIFIER|RER1|ENSG00000157916|ENST00000920616|protein_coding|ENST00000920616.1:c.-220A>G||||||||,5_prime_UTR_variant|MODIFIER|RER1|ENSG00000157916|ENST00000920617|protein_coding|ENST00000920617.1:c.-1025A>G||||||||,intron_variant|MODIFIER|RER1|ENSG00000157916|ENST00000920618|protein_coding|ENST00000920618.1:c.-156+123A>G||||||||,intron_variant|MODIFIER|RER1|ENSG00000157916|ENST00000920619|protein_coding|ENST00000920619.1:c.-94+123A>G||||||||,intron_variant|MODIFIER|RER1|ENSG00000157916|ENST00000920620|protein_coding|ENST00000920620.1:c.-88+291A>G||||||||,5_prime_UTR_variant|MODIFIER|RER1|ENSG00000157916|ENST00000920621|protein_coding|ENST00000920621.1:c.-3407A>G||||||||,intron_variant|MODIFIER|RER1|ENSG00000157916|ENST00000920622|protein_coding|ENST00000920622.1:c.-247+291A>G||||||||,5_prime_UTR_variant|MODIFIER|RER1|ENSG00000157916|ENST00000920623|protein_coding|ENST00000920623.1:c.-963A>G||||||||,5_prime_UTR_variant|MODIFIER|RER1|ENSG00000157916|ENST00000920624|protein_coding|ENST00000920624.1:c.-282A>G||||||||,intron_variant|MODIFIER|RER1|ENSG00000157916|ENST00000920625|protein_coding|ENST00000920625.1:c.-8+291A>G||||||||,intron_variant|MODIFIER|RER1|ENSG00000157916|ENST00000920626|protein_coding|ENST00000920626.1:c.-94+291A>G||||||||,intron_variant|MODIFIER|RER1|ENSG00000157916|ENST00000920627|protein_coding|ENST00000920627.1:c.-8+291A>G||||||||,intron_variant|MODIFIER|RER1|ENSG00000157916|ENST00000920628|protein_coding|ENST00000920628.1:c.-309+291A>G||||||||,intron_variant|MODIFIER|RER1|ENSG00000157916|ENST00000920629|protein_coding|ENST00000920629.1:c.-2+123A>G||||||||,5_prime_UTR_variant|MODIFIER|RER1|ENSG00000157916|ENST00000920630|protein_coding|ENST00000920630.1:c.-216A>G||||||||,intron_variant|MODIFIER|RER1|ENSG00000157916|ENST00000954665|protein_coding|ENST00000954665.1:c.-132+123A>G||||||||,5_prime_UTR_variant|MODIFIER|RER1|ENSG00000157916|ENST00000954666|protein_coding|ENST00000954666.1:c.-989A>G||||||||,intron_variant|MODIFIER|RER1|ENSG00000157916|ENST00000954667|protein_coding|ENST00000954667.1:c.-179+291A>G||||||||,intron_variant|MODIFIER|RER1|ENSG00000157916|ENST00000954668|protein_coding|ENST00000954668.1:c.-289+291A>G||||||||,5_prime_UTR_variant|MODIFIER|RER1|ENSG00000157916|ENST00000954669|protein_coding|ENST00000954669.1:c.-2205A>G||||||||,intron_variant|MODIFIER|RER1|ENSG00000157916|ENST00000954670|protein_coding|ENST00000954670.1:c.-291+291A>G||||||||,upstream_gene_variant|MODIFIER|MORN1|ENSG00000116151|ENST00000963688|protein_coding|||||||||,upstream_gene_variant|MODIFIER|MORN1|ENSG00000116151|ENST00000963689|protein_coding|||||||||,upstream_gene_variant|MODIFIER|MORN1|ENSG00000116151|ENST00000963690|protein_coding|||||||||,regulatory_region_variant|MODIFIER|||ENSR1_BGS5|enhancer|||||||||	NA19240	1|0
1	2414975	.	TC	T	upstream_gene_variant|MODIFIER|PEX10|ENSG00000157911|ENST00000288774|protein_coding|||||||||,upstream_gene_variant|MODIFIER|PEX10|ENSG00000157911|ENST00000447513|protein_coding|||YES||||||,upstream_gene_variant|MODIFIER|PEX10|ENSG00000157911|ENST00000502666|nonsense_mediated_decay|||||||||,upstream_gene_variant|MODIFIER|PEX10|ENSG00000157911|ENST00000507596|protein_coding|||||||||,upstream_gene_variant|MODIFIER|PEX10|ENSG00000157911|ENST00000508384|protein_coding|||||||||,upstream_gene_variant|MODIFIER|PEX10|ENSG00000157911|ENST00000510434|nonsense_mediated_decay|||||||||,upstream_gene_variant|MODIFIER|PEX10|ENSG00000157911|ENST00000514502|nonsense_mediated_decay|||||||||,upstream_gene_variant|MODIFIER|PEX10|ENSG00000157911|ENST00000515760|protein_coding_CDS_not_defined|||||||||,upstream_gene_variant|MODIFIER|PEX10|ENSG00000157911|ENST00000650293|nonsense_mediated_decay|||||||||,upstream_gene_variant|MODIFIER|PEX10|ENSG00000157911|ENST00000874692|protein_coding|||||||||,upstream_gene_variant|MODIFIER|PEX10|ENSG00000157911|ENST00000874693|protein_coding|||||||||,regulatory_region_variant|MODIFIER|||ENSR1_C8GM|enhancer|||||||||	NA19240	0|1
1	2436355	.	C	T	intron_variant|MODIFIER|PLCH2|ENSG00000149527|ENST00000609981|protein_coding|ENST00000609981.5:c.115+5726C>T||||||||	NA19240	0|1
1	2462123	.	C	T	intron_variant|MODIFIER|PLCH2|ENSG00000149527|ENST00000609981|protein_coding|ENST00000609981.5:c.116-16353C>T||||||||	NA19240	0|1
1	2462130	.	T	C	intron_variant|MODIFIER|PLCH2|ENSG00000149527|ENST00000609981|protein_coding|ENST00000609981.5:c.116-16346T>C||||||||	NA19240	0|1
1	2462140	.	G	A	intron_variant|MODIFIER|PLCH2|ENSG00000149527|ENST00000609981|protein_coding|ENST00000609981.5:c.116-16336G>A||||||||	NA19240	0|1
1	2493935	.	G	A	intron_variant|MODIFIER|PLCH2|ENSG00000149527|ENST00000278878|protein_coding|ENST00000278878.6:c.1235-921G>A||||||||,intron_variant&non_coding_transcript_variant|MODIFIER|PLCH2|ENSG00000149527|ENST00000343889|retained_intron|ENST00000343889.8:n.2033-921G>A||||||||,intron_variant|MODIFIER|PLCH2|ENSG00000149527|ENST00000378486|protein_coding|ENST00000378486.8:c.1660-921G>A||YES||||||,intron_variant|MODIFIER|PLCH2|ENSG00000149527|ENST00000419816|protein_coding|ENST00000419816.6:c.1660-921G>A||||||||,upstream_gene_variant|MODIFIER||ENSG00000224387|ENST00000424657|lncRNA|||YES||||||,intron_variant&non_coding_transcript_variant|MODIFIER||ENSG00000229393|ENST00000442305|lncRNA|ENST00000442305.1:n.98-82C>T||YES||||||,intron_variant|MODIFIER|PLCH2|ENSG00000149527|ENST00000449969|protein_coding|ENST00000449969.5:c.1579-921G>A||||||||,upstream_gene_variant|MODIFIER|PLCH2|ENSG00000149527|ENST00000462379|retained_intron|||||||||,upstream_gene_variant|MODIFIER|PLCH2|ENSG00000149527|ENST00000473964|retained_intron|||||||||,regulatory_region_variant|MODIFIER|||ENSR1_BHCS|enhancer|||||||||	NA12878	1|0
1	2522723	.	G	A	intron_variant|MODIFIER|PANK4|ENSG00000157881|ENST00000378466|protein_coding|ENST00000378466.9:c.125-923C>T||YES||||||,intron_variant|MODIFIER|PANK4|ENSG00000157881|ENST00000435556|protein_coding|ENST00000435556.8:c.125-923C>T||||||||,upstream_gene_variant|MODIFIER|PANK4|ENSG00000157881|ENST00000468002|nonsense_mediated_decay|||||||||,intron_variant&NMD_transcript_variant|MODIFIER|PANK4|ENSG00000157881|ENST00000486396|nonsense_mediated_decay|ENST00000486396.1:c.113-1408C>T||||||||,intron_variant&non_coding_transcript_variant|MODIFIER|PANK4|ENSG00000157881|ENST00000491212|protein_coding_CDS_not_defined|ENST00000491212.1:n.588-923C>T||||||||,intron_variant&NMD_transcript_variant|MODIFIER|PANK4|ENSG00000157881|ENST00000502770|nonsense_mediated_decay|ENST00000502770.2:c.125-782C>T||||||||,upstream_gene_variant|MODIFIER|PANK4|ENSG00000157881|ENST00000505228|nonsense_mediated_decay|||||||||,intron_variant&non_coding_transcript_variant|MODIFIER|PANK4|ENSG00000157881|ENST00000514922|retained_intron|ENST00000514922.1:n.135-923C>T||||||||,intron_variant|MODIFIER|PANK4|ENSG00000157881|ENST00000869531|protein_coding|ENST00000869531.1:c.125-923C>T||||||||,intron_variant|MODIFIER|PANK4|ENSG00000157881|ENST00000869532|protein_coding|ENST00000869532.1:c.125-923C>T||||||||,intron_variant|MODIFIER|PANK4|ENSG00000157881|ENST00000917346|protein_coding|ENST00000917346.1:c.125-923C>T||||||||,intron_variant|MODIFIER|PANK4|ENSG00000157881|ENST00000917347|protein_coding|ENST00000917347.1:c.125-923C>T||||||||,intron_variant|MODIFIER|PANK4|ENSG00000157881|ENST00000917348|protein_coding|ENST00000917348.1:c.125-923C>T||||||||,intron_variant|MODIFIER|PANK4|ENSG00000157881|ENST00000963403|protein_coding|ENST00000963403.1:c.125-923C>T||||||||,intron_variant|MODIFIER|PANK4|ENSG00000157881|ENST00000963404|protein_coding|ENST00000963404.1:c.125-782C>T||||||||,intron_variant|MODIFIER|PANK4|ENSG00000157881|ENST00000963405|protein_coding|ENST00000963405.1:c.125-923C>T||||||||,intron_variant|MODIFIER|PANK4|ENSG00000157881|ENST00000963406|protein_coding|ENST00000963406.1:c.125-923C>T||||||||,intron_variant|MODIFIER|PANK4|ENSG00000157881|ENST00000963407|protein_coding|ENST00000963407.1:c.125-923C>T||||||||,intron_variant|MODIFIER|PANK4|ENSG00000157881|ENST00000963408|protein_coding|ENST00000963408.1:c.125-923C>T||||||||,regulatory_region_variant|MODIFIER|||ENSR1_9322Z|enhancer|||||||||	NA12878	0|1
1	2625548	.	G	A	intron_variant|MODIFIER|MMEL1|ENSG00000142606|ENST00000378412|protein_coding|ENST00000378412.8:c.154+3783C>T||YES||||||,upstream_gene_variant|MODIFIER|MMEL1-AS1|ENSG00000237058|ENST00000427302|lncRNA|||||||||,intron_variant|MODIFIER|MMEL1|ENSG00000142606|ENST00000502556|protein_coding|ENST00000502556.5:c.154+3783C>T||||||||,intron_variant&NMD_transcript_variant|MODIFIER|MMEL1|ENSG00000142606|ENST00000504800|nonsense_mediated_decay|ENST00000504800.5:c.154+3783C>T||||||||,downstream_gene_variant|MODIFIER|MMEL1|ENSG00000142606|ENST00000511099|protein_coding_CDS_not_defined|||||||||,upstream_gene_variant|MODIFIER|MMEL1-AS1|ENSG00000237058|ENST00000723522|lncRNA|||YES||||||,upstream_gene_variant|MODIFIER|MMEL1-AS1|ENSG00000237058|ENST00000723523|lncRNA|||||||||,upstream_gene_variant|MODIFIER|MMEL1-AS1|ENSG00000237058|ENST00000723524|lncRNA|||||||||,upstream_gene_variant|MODIFIER|MMEL1-AS1|ENSG00000237058|ENST00000723525|lncRNA|||||||||	NA12878	0|1
1	2633888	.	G	T	upstream_gene_variant|MODIFIER|MMEL1|ENSG00000142606|ENST00000378412|protein_coding|||YES||||||,downstream_gene_variant|MODIFIER|TTC34|ENSG00000215912|ENST00000401095|protein_coding|||YES||||||,intron_variant&non_coding_transcript_variant|MODIFIER|MMEL1-AS1|ENSG00000237058|ENST00000427302|lncRNA|ENST00000427302.2:n.357+1213G>T||||||||,upstream_gene_variant|MODIFIER|MMEL1|ENSG00000142606|ENST00000502556|protein_coding|||||||||,upstream_gene_variant|MODIFIER|MMEL1|ENSG00000142606|ENST00000504800|nonsense_mediated_decay|||||||||,upstream_gene_variant|MODIFIER|MMEL1|ENSG00000142606|ENST00000511099|protein_coding_CDS_not_defined|||||||||,intron_variant&non_coding_transcript_variant|MODIFIER|MMEL1-AS1|ENSG00000237058|ENST00000723522|lncRNA|ENST00000723522.1:n.391-599G>T||YES||||||,intron_variant&non_coding_transcript_variant|MODIFIER|MMEL1-AS1|ENSG00000237058|ENST00000723523|lncRNA|ENST00000723523.1:n.214-2468G>T||||||||,intron_variant&non_coding_transcript_variant|MODIFIER|MMEL1-AS1|ENSG00000237058|ENST00000723524|lncRNA|ENST00000723524.1:n.201+1246G>T||||||||,intron_variant&non_coding_transcript_variant|MODIFIER|MMEL1-AS1|ENSG00000237058|ENST00000723525|lncRNA|ENST00000723525.1:n.254+1213G>T||||||||,non_coding_transcript_exon_variant|MODIFIER|MMEL1-AS1|ENSG00000237058|ENST00000723526|lncRNA|ENST00000723526.1:n.201G>T||||||||,intron_variant&non_coding_transcript_variant|MODIFIER|MMEL1-AS1|ENSG00000237058|ENST00000723527|lncRNA|ENST00000723527.1:n.300+507G>T||||||||,non_coding_transcript_exon_variant|MODIFIER|MMEL1-AS1|ENSG00000237058|ENST00000723528|lncRNA|ENST00000723528.1:n.307G>T||||||||,intron_variant&non_coding_transcript_variant|MODIFIER|MMEL1-AS1|ENSG00000237058|ENST00000723529|lncRNA|ENST00000723529.1:n.187-599G>T||||||||,intron_variant&non_coding_transcript_variant|MODIFIER|MMEL1-AS1|ENSG00000237058|ENST00000723530|lncRNA|ENST00000723530.1:n.283+507G>T||||||||,intron_variant&non_coding_transcript_variant|MODIFIER|MMEL1-AS1|ENSG00000237058|ENST00000723531|lncRNA|ENST00000723531.1:n.171+617G>T||||||||,non_coding_transcript_exon_variant|MODIFIER|MMEL1-AS1|ENSG00000237058|ENST00000723532|lncRNA|ENST00000723532.1:n.334G>T||||||||	NA12878	0|1
1	2756585	.	AC	A	intron_variant|MODIFIER|TTC34|ENSG00000215912|ENST00000401095|protein_coding|ENST00000401095.9:c.2226+27023del||YES||||||,intron_variant|MODIFIER|TTC34|ENSG00000215912|ENST00000637179|protein_coding|ENST00000637179.1:c.687+27023del||||||||	NA12878	0|1
1	2778780	.	A	T	intron_variant|MODIFIER|TTC34|ENSG00000215912|ENST00000401095|protein_coding|ENST00000401095.9:c.2226+4829T>A||YES||||||,intron_variant|MODIFIER|TTC34|ENSG00000215912|ENST00000637179|protein_coding|ENST00000637179.1:c.687+4829T>A||||||||,downstream_gene_variant|MODIFIER||ENSG00000283259|ENST00000638002|lncRNA|||YES||||||,intron_variant&non_coding_transcript_variant|MODIFIER||ENSG00000285945|ENST00000648684|lncRNA|ENST00000648684.1:n.207+1276A>T||YES||||||	NA12878	0|1
1	2859291	.	A	G	upstream_gene_variant|MODIFIER||ENSG00000295089|ENST00000727914|lncRNA|||YES||||||	NA19240	0|1
1	2859293	.	G	A	upstream_gene_variant|MODIFIER||ENSG00000295089|ENST00000727914|lncRNA|||YES||||||	NA19240	0|1
1	2859304	.	A	G	upstream_gene_variant|MODIFIER||ENSG00000295089|ENST00000727914|lncRNA|||YES||||||	NA19240	0|1
1	2889956	.	G	A	intergenic_variant|MODIFIER|||||||||||||	NA19240	1|0
1	2902454	.	C	T	intergenic_variant|MODIFIER|||||||||||||	NA19240	1|0
1	2920879	.	G	A	intergenic_variant|MODIFIER|||||||||||||	NA12878	0|1
1	2926771	.	G	T	intergenic_variant|MODIFIER|||||||||||||	NA19240	1|0
1	2927007	.	A	G	intergenic_variant|MODIFIER|||||||||||||	NA12878	0|1
1	2963241	.	G	A	intron_variant&non_coding_transcript_variant|MODIFIER||ENSG00000284745|ENST00000641229|lncRNA|ENST00000641229.2:n.460+23C>T||||||||,intron_variant&non_coding_transcript_variant|MODIFIER||ENSG00000284745|ENST00000642073|lncRNA|ENST00000642073.1:n.146-1141C>T||||||||,intron_variant&non_coding_transcript_variant|MODIFIER||ENSG00000284745|ENST00000724113|lncRNA|ENST00000724113.1:n.496+23C>T||YES||||||,intron_variant&non_coding_transcript_variant|MODIFIER||ENSG00000284745|ENST00000724114|lncRNA|ENST00000724114.1:n.53-1141C>T||||||||	NA19240	1|0
1	2977754	.	G	A	intergenic_variant|MODIFIER|||||||||||||	NA19240	0|1
1	2977760	.	G	C	intergenic_variant|MODIFIER|||||||||||||	NA19240	0|1
1	2986000	.	CATCCATCCA	C	intergenic_variant|MODIFIER|||||||||||||	NA12878	1|0
1	2997705	.	C	A	intergenic_variant|MODIFIER|||||||||||||	NA19240	1|0
1	3037784	.	A	C	intergenic_variant|MODIFIER|||||||||||||	NA19240	0|1
1	3037885	.	C	T	intergenic_variant|MODIFIER|||||||||||||	NA19240	0|1
1	3037886	.	C	T	intergenic_variant|MODIFIER|||||||||||||	NA19240	0|1
1	3042614	.	A	C	intergenic_variant|MODIFIER|||||||||||||	NA12878	1|0
1	3042638	.	C	T	intergenic_variant|MODIFIER|||||||||||||	NA12878	1|0
1	3042652	.	C	G	intergenic_variant|MODIFIER|||||||||||||	NA12878	1|0
1	3042683	.	T	C	intergenic_variant|MODIFIER|||||||||||||	NA19240	0|1
1	3114173	.	A	G	intron_variant|MODIFIER|PRDM16|ENSG00000142611|ENST00000270722|protein_coding|ENST00000270722.10:c.37+44877A>G||YES||||||,intron_variant|MODIFIER|PRDM16|ENSG00000142611|ENST00000378391|protein_coding|ENST00000378391.6:c.37+44877A>G||||||||,intron_variant|MODIFIER|PRDM16|ENSG00000142611|ENST00000511072|protein_coding|ENST00000511072.5:c.37+44877A>G||||||||,intron_variant|MODIFIER|PRDM16|ENSG00000142611|ENST00000514189|protein_coding|ENST00000514189.5:c.37+44877A>G||||||||,intron_variant&non_coding_transcript_variant|MODIFIER|PRDM16|ENSG00000142611|ENST00000607632|retained_intron|ENST00000607632.1:n.114+44877A>G||||||||	NA12878	0|1
1	3114187	.	A	G	intron_variant|MODIFIER|PRDM16|ENSG00000142611|ENST00000270722|protein_coding|ENST00000270722.10:c.37+44891A>G||YES||||||,intron_variant|MODIFIER|PRDM16|ENSG00000142611|ENST00000378391|protein_coding|ENST00000378391.6:c.37+44891A>G||||||||,intron_variant|MODIFIER|PRDM16|ENSG00000142611|ENST00000511072|protein_coding|ENST00000511072.5:c.37+44891A>G||||||||,intron_variant|MODIFIER|PRDM16|ENSG00000142611|ENST00000514189|protein_coding|ENST00000514189.5:c.37+44891A>G||||||||,intron_variant&non_coding_transcript_variant|MODIFIER|PRDM16|ENSG00000142611|ENST00000607632|retained_intron|ENST00000607632.1:n.114+44891A>G||||||||	NA12878	0|1
1	3133521	.	A	C	intron_variant|MODIFIER|PRDM16|ENSG00000142611|ENST00000270722|protein_coding|ENST00000270722.10:c.38-52604A>C||YES||||||,intron_variant|MODIFIER|PRDM16|ENSG00000142611|ENST00000378391|protein_coding|ENST00000378391.6:c.38-52604A>C||||||||,intron_variant&non_coding_transcript_variant|MODIFIER||ENSG00000226286|ENST00000440516|lncRNA|ENST00000440516.1:n.137+52T>G||YES||||||,intron_variant|MODIFIER|PRDM16|ENSG00000142611|ENST00000511072|protein_coding|ENST00000511072.5:c.38-52604A>C||||||||,intron_variant|MODIFIER|PRDM16|ENSG00000142611|ENST00000514189|protein_coding|ENST00000514189.5:c.38-52604A>C||||||||,intron_variant&non_coding_transcript_variant|MODIFIER|PRDM16|ENSG00000142611|ENST00000607632|retained_intron|ENST00000607632.1:n.115-52604A>C||||||||	NA12878	0|1
1	3137925	.	C	T	intron_variant|MODIFIER|PRDM16|ENSG00000142611|ENST00000270722|protein_coding|ENST00000270722.10:c.38-48200C>T||YES||||||,intron_variant|MODIFIER|PRDM16|ENSG00000142611|ENST00000378391|protein_coding|ENST00000378391.6:c.38-48200C>T||||||||,upstream_gene_variant|MODIFIER||ENSG00000226286|ENST00000440516|lncRNA|||YES||||||,intron_variant|MODIFIER|PRDM16|ENSG00000142611|ENST00000511072|protein_coding|ENST00000511072.5:c.38-48200C>T||||||||,intron_variant|MODIFIER|PRDM16|ENSG00000142611|ENST00000514189|protein_coding|ENST00000514189.5:c.38-48200C>T||||||||,intron_variant&non_coding_transcript_variant|MODIFIER|PRDM16|ENSG00000142611|ENST00000607632|retained_intron|ENST00000607632.1:n.115-48200C>T||||||||	NA12878	0|1
1	3159876	.	C	T	intron_variant|MODIFIER|PRDM16|ENSG00000142611|ENST00000270722|protein_coding|ENST00000270722.10:c.38-26249C>T||YES||||||,intron_variant|MODIFIER|PRDM16|ENSG00000142611|ENST00000378391|protein_coding|ENST00000378391.6:c.38-26249C>T||||||||,intron_variant|MODIFIER|PRDM16|ENSG00000142611|ENST00000511072|protein_coding|ENST00000511072.5:c.38-26249C>T||||||||,intron_variant|MODIFIER|PRDM16|ENSG00000142611|ENST00000514189|protein_coding|ENST00000514189.5:c.38-26249C>T||||||||,intron_variant&non_coding_transcript_variant|MODIFIER|PRDM16|ENSG00000142611|ENST00000607632|retained_intron|ENST00000607632.1:n.115-26249C>T||||||||,downstream_gene_variant|MODIFIER||ENSG00000306427|ENST00000818384|lncRNA|||YES||||||,downstream_gene_variant|MODIFIER||ENSG00000306427|ENST00000818385|lncRNA|||||||||	NA12878	1|0
1	3162397	.	G	A	intron_variant|MODIFIER|PRDM16|ENSG00000142611|ENST00000270722|protein_coding|ENST00000270722.10:c.38-23728G>A||YES||||||,intron_variant|MODIFIER|PRDM16|ENSG00000142611|ENST00000378391|protein_coding|ENST00000378391.6:c.38-23728G>A||||||||,intron_variant|MODIFIER|PRDM16|ENSG00000142611|ENST00000511072|protein_coding|ENST00000511072.5:c.38-23728G>A||||||||,intron_variant|MODIFIER|PRDM16|ENSG00000142611|ENST00000514189|protein_coding|ENST00000514189.5:c.38-23728G>A||||||||,intron_variant&non_coding_transcript_variant|MODIFIER|PRDM16|ENSG00000142611|ENST00000607632|retained_intron|ENST00000607632.1:n.115-23728G>A||||||||,intron_variant&non_coding_transcript_variant|MODIFIER||ENSG00000306427|ENST00000818384|lncRNA|ENST00000818384.1:n.346-517C>T||YES||||||,upstream_gene_variant|MODIFIER||ENSG00000306427|ENST00000818385|lncRNA|||||||||	NA12878	1|0
1	3176147	.	T	C	intron_variant|MODIFIER|PRDM16|ENSG00000142611|ENST00000270722|protein_coding|ENST00000270722.10:c.38-9978T>C||YES||||||,intron_variant|MODIFIER|PRDM16|ENSG00000142611|ENST00000378391|protein_coding|ENST00000378391.6:c.38-9978T>C||||||||,intron_variant|MODIFIER|PRDM16|ENSG00000142611|ENST00000511072|protein_coding|ENST00000511072.5:c.38-9978T>C||||||||,intron_variant|MODIFIER|PRDM16|ENSG00000142611|ENST00000514189|protein_coding|ENST00000514189.5:c.38-9978T>C||||||||,intron_variant&non_coding_transcript_variant|MODIFIER|PRDM16|ENSG00000142611|ENST00000607632|retained_intron|ENST00000607632.1:n.115-9978T>C||||||||	NA12878	1|0
1	3176152	.	T	C	intron_variant|MODIFIER|PRDM16|ENSG00000142611|ENST00000270722|protein_coding|ENST00000270722.10:c.38-9973T>C||YES||||||,intron_variant|MODIFIER|PRDM16|ENSG00000142611|ENST00000378391|protein_coding|ENST00000378391.6:c.38-9973T>C||||||||,intron_variant|MODIFIER|PRDM16|ENSG00000142611|ENST00000511072|protein_coding|ENST00000511072.5:c.38-9973T>C||||||||,intron_variant|MODIFIER|PRDM16|ENSG00000142611|ENST00000514189|protein_coding|ENST00000514189.5:c.38-9973T>C||||||||,intron_variant&non_coding_transcript_variant|MODIFIER|PRDM16|ENSG00000142611|ENST00000607632|retained_intron|ENST00000607632.1:n.115-9973T>C||||||||	NA12878	1|0
1	3180968	.	T	G	intron_variant|MODIFIER|PRDM16|ENSG00000142611|ENST00000270722|protein_coding|ENST00000270722.10:c.38-5157T>G||YES||||||,intron_variant|MODIFIER|PRDM16|ENSG00000142611|ENST00000378391|protein_coding|ENST00000378391.6:c.38-5157T>G||||||||,intron_variant|MODIFIER|PRDM16|ENSG00000142611|ENST00000511072|protein_coding|ENST00000511072.5:c.38-5157T>G||||||||,intron_variant|MODIFIER|PRDM16|ENSG00000142611|ENST00000514189|protein_coding|ENST00000514189.5:c.38-5157T>G||||||||,intron_variant&non_coding_transcript_variant|MODIFIER|PRDM16|ENSG00000142611|ENST00000607632|retained_intron|ENST00000607632.1:n.115-5157T>G||||||||	NA19240	1|0
1	3180970	.	G	A	intron_variant|MODIFIER|PRDM16|ENSG00000142611|ENST00000270722|protein_coding|ENST00000270722.10:c.38-5155G>A||YES||||||,intron_variant|MODIFIER|PRDM16|ENSG00000142611|ENST00000378391|protein_coding|ENST00000378391.6:c.38-5155G>A||||||||,intron_variant|MODIFIER|PRDM16|ENSG00000142611|ENST00000511072|protein_coding|ENST00000511072.5:c.38-5155G>A||||||||,intron_variant|MODIFIER|PRDM16|ENSG00000142611|ENST00000514189|protein_coding|ENST00000514189.5:c.38-5155G>A||||||||,intron_variant&non_coding_transcript_variant|MODIFIER|PRDM16|ENSG00000142611|ENST00000607632|retained_intron|ENST00000607632.1:n.115-5155G>A||||||||	NA19240	1|0
1	3181100	.	A	G	intron_variant|MODIFIER|PRDM16|ENSG00000142611|ENST00000270722|protein_coding|ENST00000270722.10:c.38-5025A>G||YES||||||,intron_variant|MODIFIER|PRDM16|ENSG00000142611|ENST00000378391|protein_coding|ENST00000378391.6:c.38-5025A>G||||||||,intron_variant|MODIFIER|PRDM16|ENSG00000142611|ENST00000511072|protein_coding|ENST00000511072.5:c.38-5025A>G||||||||,intron_variant|MODIFIER|PRDM16|ENSG00000142611|ENST00000514189|protein_coding|ENST00000514189.5:c.38-5025A>G||||||||,intron_variant&non_coding_transcript_variant|MODIFIER|PRDM16|ENSG00000142611|ENST00000607632|retained_intron|ENST00000607632.1:n.115-5025A>G||||||||	NA12878	1|0
1	3181102	.	T	C	intron_variant|MODIFIER|PRDM16|ENSG00000142611|ENST00000270722|protein_coding|ENST00000270722.10:c.38-5023T>C||YES||||||,intron_variant|MODIFIER|PRDM16|ENSG00000142611|ENST00000378391|protein_coding|ENST00000378391.6:c.38-5023T>C||||||||,intron_variant|MODIFIER|PRDM16|ENSG00000142611|ENST00000511072|protein_coding|ENST00000511072.5:c.38-5023T>C||||||||,intron_variant|MODIFIER|PRDM16|ENSG00000142611|ENST00000514189|protein_coding|ENST00000514189.5:c.38-5023T>C||||||||,intron_variant&non_coding_transcript_variant|MODIFIER|PRDM16|ENSG00000142611|ENST00000607632|retained_intron|ENST00000607632.1:n.115-5023T>C||||||||	NA12878	1|0
1	3233464	.	A	C	intron_variant|MODIFIER|PRDM16|ENSG00000142611|ENST00000270722|protein_coding|ENST00000270722.10:c.388-10623A>C||YES||||||,intron_variant|MODIFIER|PRDM16|ENSG00000142611|ENST00000378391|protein_coding|ENST00000378391.6:c.388-10623A>C||||||||,intron_variant|MODIFIER|PRDM16|ENSG00000142611|ENST00000511072|protein_coding|ENST00000511072.5:c.388-10623A>C||||||||,upstream_gene_variant|MODIFIER|PRDM16|ENSG00000142611|ENST00000512462|protein_coding_CDS_not_defined|||||||||,intron_variant|MODIFIER|PRDM16|ENSG00000142611|ENST00000514189|protein_coding|ENST00000514189.5:c.388-10623A>C||||||||	NA19240	1|0
1	3233583	.	C	T	intron_variant|MODIFIER|PRDM16|ENSG00000142611|ENST00000270722|protein_coding|ENST00000270722.10:c.388-10504C>T||YES||||||,intron_variant|MODIFIER|PRDM16|ENSG00000142611|ENST00000378391|protein_coding|ENST00000378391.6:c.388-10504C>T||||||||,intron_variant|MODIFIER|PRDM16|ENSG00000142611|ENST00000511072|protein_coding|ENST00000511072.5:c.388-10504C>T||||||||,upstream_gene_variant|MODIFIER|PRDM16|ENSG00000142611|ENST00000512462|protein_coding_CDS_not_defined|||||||||,intron_variant|MODIFIER|PRDM16|ENSG00000142611|ENST00000514189|protein_coding|ENST00000514189.5:c.388-10504C>T||||||||	NA12878	0|1
1	3248553	.	C	T	intron_variant|MODIFIER|PRDM16|ENSG00000142611|ENST00000270722|protein_coding|ENST00000270722.10:c.438+4416C>T||YES||||||,intron_variant|MODIFIER|PRDM16|ENSG00000142611|ENST00000378391|protein_coding|ENST00000378391.6:c.438+4416C>T||||||||,intron_variant|MODIFIER|PRDM16|ENSG00000142611|ENST00000463591|protein_coding|ENST00000463591.1:c.6+4416C>T||||||||,intron_variant|MODIFIER|PRDM16|ENSG00000142611|ENST00000511072|protein_coding|ENST00000511072.5:c.438+4416C>T||||||||,intron_variant&non_coding_transcript_variant|MODIFIER|PRDM16|ENSG00000142611|ENST00000512462|protein_coding_CDS_not_defined|ENST00000512462.5:n.216+4416C>T||||||||,intron_variant|MODIFIER|PRDM16|ENSG00000142611|ENST00000514189|protein_coding|ENST00000514189.5:c.438+4416C>T||||||||	NA12878	0|1
1	3263139	.	G	A	intron_variant|MODIFIER|PRDM16|ENSG00000142611|ENST00000270722|protein_coding|ENST00000270722.10:c.438+19002G>A||YES||||||,intron_variant|MODIFIER|PRDM16|ENSG00000142611|ENST00000378391|protein_coding|ENST00000378391.6:c.438+19002G>A||||||||,intron_variant|MODIFIER|PRDM16|ENSG00000142611|ENST00000463591|protein_coding|ENST00000463591.1:c.6+19002G>A||||||||,intron_variant|MODIFIER|PRDM16|ENSG00000142611|ENST00000511072|protein_coding|ENST00000511072.5:c.438+19002G>A||||||||,intron_variant&non_coding_transcript_variant|MODIFIER|PRDM16|ENSG00000142611|ENST00000512462|protein_coding_CDS_not_defined|ENST00000512462.5:n.216+19002G>A||||||||,intron_variant|MODIFIER|PRDM16|ENSG00000142611|ENST00000514189|protein_coding|ENST00000514189.5:c.438+19002G>A||||||||	NA12878	1|0
1	3264534	.	C	T	intron_variant|MODIFIER|PRDM16|ENSG00000142611|ENST00000270722|protein_coding|ENST00000270722.10:c.438+20397C>T||YES||||||,intron_variant|MODIFIER|PRDM16|ENSG00000142611|ENST00000378391|protein_coding|ENST00000378391.6:c.438+20397C>T||||||||,intron_variant|MODIFIER|PRDM16|ENSG00000142611|ENST00000463591|protein_coding|ENST00000463591.1:c.6+20397C>T||||||||,intron_variant|MODIFIER|PRDM16|ENSG00000142611|ENST00000511072|protein_coding|ENST00000511072.5:c.438+20397C>T||||||||,intron_variant&non_coding_transcript_variant|MODIFIER|PRDM16|ENSG00000142611|ENST00000512462|protein_coding_CDS_not_defined|ENST00000512462.5:n.216+20397C>T||||||||,intron_variant|MODIFIER|PRDM16|ENSG00000142611|ENST00000514189|protein_coding|ENST00000514189.5:c.438+20397C>T||||||||	NA12878	0|1
1	3277437	.	G	C	intron_variant|MODIFIER|PRDM16|ENSG00000142611|ENST00000270722|protein_coding|ENST00000270722.10:c.438+33300G>C||YES||||||,intron_variant|MODIFIER|PRDM16|ENSG00000142611|ENST00000378391|protein_coding|ENST00000378391.6:c.438+33300G>C||||||||,intron_variant|MODIFIER|PRDM16|ENSG00000142611|ENST00000463591|protein_coding|ENST00000463591.1:c.6+33300G>C||||||||,intron_variant|MODIFIER|PRDM16|ENSG00000142611|ENST00000511072|protein_coding|ENST00000511072.5:c.438+33300G>C||||||||,intron_variant&non_coding_transcript_variant|MODIFIER|PRDM16|ENSG00000142611|ENST00000512462|protein_coding_CDS_not_defined|ENST00000512462.5:n.216+33300G>C||||||||,intron_variant|MODIFIER|PRDM16|ENSG00000142611|ENST00000514189|protein_coding|ENST00000514189.5:c.438+33300G>C||||||||	NA12878	0|1
1	3301346	.	AAAAG	A	intron_variant|MODIFIER|PRDM16|ENSG00000142611|ENST00000270722|protein_coding|ENST00000270722.10:c.438+57213_438+57216del||YES||||||,intron_variant|MODIFIER|PRDM16|ENSG00000142611|ENST00000378391|protein_coding|ENST00000378391.6:c.438+57213_438+57216del||||||||,intron_variant|MODIFIER|PRDM16|ENSG00000142611|ENST00000463591|protein_coding|ENST00000463591.1:c.6+57213_6+57216del||||||||,intron_variant|MODIFIER|PRDM16|ENSG00000142611|ENST00000511072|protein_coding|ENST00000511072.5:c.438+57213_438+57216del||||||||,intron_variant&non_coding_transcript_variant|MODIFIER|PRDM16|ENSG00000142611|ENST00000512462|protein_coding_CDS_not_defined|ENST00000512462.5:n.216+57213_216+57216del||||||||,intron_variant|MODIFIER|PRDM16|ENSG00000142611|ENST00000514189|protein_coding|ENST00000514189.5:c.438+57213_438+57216del||||||||	NA12878	0|1
1	3326000	.	C	T	intron_variant|MODIFIER|PRDM16|ENSG00000142611|ENST00000270722|protein_coding|ENST00000270722.10:c.439-59152C>T||YES||||||,intron_variant|MODIFIER|PRDM16|ENSG00000142611|ENST00000378391|protein_coding|ENST00000378391.6:c.439-59152C>T||||||||,intron_variant|MODIFIER|PRDM16|ENSG00000142611|ENST00000463591|protein_coding|ENST00000463591.1:c.7-59152C>T||||||||,intron_variant|MODIFIER|PRDM16|ENSG00000142611|ENST00000511072|protein_coding|ENST00000511072.5:c.439-59149C>T||||||||,intron_variant&non_coding_transcript_variant|MODIFIER|PRDM16|ENSG00000142611|ENST00000512462|protein_coding_CDS_not_defined|ENST00000512462.5:n.217-59152C>T||||||||,intron_variant|MODIFIER|PRDM16|ENSG00000142611|ENST00000514189|protein_coding|ENST00000514189.5:c.439-59149C>T||||||||,upstream_gene_variant|MODIFIER||ENSG00000287828|ENST00000669140|lncRNA|||YES||||||	NA12878	1|0
1	3326059	.	C	T	intron_variant|MODIFIER|PRDM16|ENSG00000142611|ENST00000270722|protein_coding|ENST00000270722.10:c.439-59093C>T||YES||||||,intron_variant|MODIFIER|PRDM16|ENSG00000142611|ENST00000378391|protein_coding|ENST00000378391.6:c.439-59093C>T||||||||,intron_variant|MODIFIER|PRDM16|ENSG00000142611|ENST00000463591|protein_coding|ENST00000463591.1:c.7-59093C>T||||||||,intron_variant|MODIFIER|PRDM16|ENSG00000142611|ENST00000511072|protein_coding|ENST00000511072.5:c.439-59090C>T||||||||,intron_variant&non_coding_transcript_variant|MODIFIER|PRDM16|ENSG00000142611|ENST00000512462|protein_coding_CDS_not_defined|ENST00000512462.5:n.217-59093C>T||||||||,intron_variant|MODIFIER|PRDM16|ENSG00000142611|ENST00000514189|protein_coding|ENST00000514189.5:c.439-59090C>T||||||||,upstream_gene_variant|MODIFIER||ENSG00000287828|ENST00000669140|lncRNA|||YES||||||	NA12878	0|1
1	3339210	.	G	A	intron_variant|MODIFIER|PRDM16|ENSG00000142611|ENST00000270722|protein_coding|ENST00000270722.10:c.439-45942G>A||YES||||||,intron_variant|MODIFIER|PRDM16|ENSG00000142611|ENST00000378391|protein_coding|ENST00000378391.6:c.439-45942G>A||||||||,intron_variant|MODIFIER|PRDM16|ENSG00000142611|ENST00000463591|protein_coding|ENST00000463591.1:c.7-45942G>A||||||||,intron_variant|MODIFIER|PRDM16|ENSG00000142611|ENST00000511072|protein_coding|ENST00000511072.5:c.439-45939G>A||||||||,intron_variant&non_coding_transcript_variant|MODIFIER|PRDM16|ENSG00000142611|ENST00000512462|protein_coding_CDS_not_defined|ENST00000512462.5:n.217-45942G>A||||||||,intron_variant|MODIFIER|PRDM16|ENSG00000142611|ENST00000514189|protein_coding|ENST00000514189.5:c.439-45939G>A||||||||	NA12878	0|1
1	3347298	.	G	A	intron_variant|MODIFIER|PRDM16|ENSG00000142611|ENST00000270722|protein_coding|ENST00000270722.10:c.439-37854G>A||YES||||||,intron_variant|MODIFIER|PRDM16|ENSG00000142611|ENST00000378391|protein_coding|ENST00000378391.6:c.439-37854G>A||||||||,intron_variant|MODIFIER|PRDM16|ENSG00000142611|ENST00000463591|protein_coding|ENST00000463591.1:c.7-37854G>A||||||||,intron_variant|MODIFIER|PRDM16|ENSG00000142611|ENST00000511072|protein_coding|ENST00000511072.5:c.439-37851G>A||||||||,intron_variant&non_coding_transcript_variant|MODIFIER|PRDM16|ENSG00000142611|ENST00000512462|protein_coding_CDS_not_defined|ENST00000512462.5:n.217-37854G>A||||||||,intron_variant|MODIFIER|PRDM16|ENSG00000142611|ENST00000514189|protein_coding|ENST00000514189.5:c.439-37851G>A||||||||	NA12878	0|1
1	3357552	.	C	T	intron_variant|MODIFIER|PRDM16|ENSG00000142611|ENST00000270722|protein_coding|ENST00000270722.10:c.439-27600C>T||YES||||||,intron_variant|MODIFIER|PRDM16|ENSG00000142611|ENST00000378391|protein_coding|ENST00000378391.6:c.439-27600C>T||||||||,intron_variant|MODIFIER|PRDM16|ENSG00000142611|ENST00000463591|protein_coding|ENST00000463591.1:c.7-27600C>T||||||||,intron_variant|MODIFIER|PRDM16|ENSG00000142611|ENST00000511072|protein_coding|ENST00000511072.5:c.439-27597C>T||||||||,intron_variant&non_coding_transcript_variant|MODIFIER|PRDM16|ENSG00000142611|ENST00000512462|protein_coding_CDS_not_defined|ENST00000512462.5:n.217-27600C>T||||||||,intron_variant|MODIFIER|PRDM16|ENSG00000142611|ENST00000514189|protein_coding|ENST00000514189.5:c.439-27597C>T||||||||	NA12878	0|1
1	3376312	.	C	T	intron_variant|MODIFIER|PRDM16|ENSG00000142611|ENST00000270722|protein_coding|ENST00000270722.10:c.439-8840C>T||YES||||||,intron_variant|MODIFIER|PRDM16|ENSG00000142611|ENST00000378391|protein_coding|ENST00000378391.6:c.439-8840C>T||||||||,intron_variant|MODIFIER|PRDM16|ENSG00000142611|ENST00000463591|protein_coding|ENST00000463591.1:c.7-8840C>T||||||||,intron_variant|MODIFIER|PRDM16|ENSG00000142611|ENST00000511072|protein_coding|ENST00000511072.5:c.439-8837C>T||||||||,intron_variant&non_coding_transcript_variant|MODIFIER|PRDM16|ENSG00000142611|ENST00000512462|protein_coding_CDS_not_defined|ENST00000512462.5:n.217-8840C>T||||||||,intron_variant|MODIFIER|PRDM16|ENSG00000142611|ENST00000514189|protein_coding|ENST00000514189.5:c.439-8837C>T||||||||,upstream_gene_variant|MODIFIER||ENSG00000286518|ENST00000665088|lncRNA|||YES||||||	NA12878	1|0
1	3399127	.	G	A	intron_variant|MODIFIER|PRDM16|ENSG00000142611|ENST00000270722|protein_coding|ENST00000270722.10:c.676+2534G>A||YES||||||,intron_variant|MODIFIER|PRDM16|ENSG00000142611|ENST00000378391|protein_coding|ENST00000378391.6:c.676+2534G>A||||||||,intron_variant|MODIFIER|PRDM16|ENSG00000142611|ENST00000509860|protein_coding|ENST00000509860.1:c.103+2534G>A||||||||,intron_variant|MODIFIER|PRDM16|ENSG00000142611|ENST00000511072|protein_coding|ENST00000511072.5:c.679+2534G>A||||||||,intron_variant&non_coding_transcript_variant|MODIFIER|PRDM16|ENSG00000142611|ENST00000512462|protein_coding_CDS_not_defined|ENST00000512462.5:n.454+2534G>A||||||||,intron_variant|MODIFIER|PRDM16|ENSG00000142611|ENST00000514189|protein_coding|ENST00000514189.5:c.679+2534G>A||||||||	NA12878	1|0
1	3404603	.	C	A	intron_variant|MODIFIER|PRDM16|ENSG00000142611|ENST00000270722|protein_coding|ENST00000270722.10:c.885-136C>A||YES||||||,intron_variant|MODIFIER|PRDM16|ENSG00000142611|ENST00000378391|protein_coding|ENST00000378391.6:c.885-136C>A||||||||,intron_variant|MODIFIER|PRDM16|ENSG00000142611|ENST00000509860|protein_coding|ENST00000509860.1:c.312-136C>A||||||||,intron_variant|MODIFIER|PRDM16|ENSG00000142611|ENST00000511072|protein_coding|ENST00000511072.5:c.888-136C>A||||||||,intron_variant&non_coding_transcript_variant|MODIFIER|PRDM16|ENSG00000142611|ENST00000512462|protein_coding_CDS_not_defined|ENST00000512462.5:n.663-136C>A||||||||,intron_variant|MODIFIER|PRDM16|ENSG00000142611|ENST00000514189|protein_coding|ENST00000514189.5:c.888-136C>A||||||||	NA12878	1|0
1	3409945	.	GGT	G	intron_variant|MODIFIER|PRDM16|ENSG00000142611|ENST00000270722|protein_coding|ENST00000270722.10:c.1187-1431_1187-1430del||YES||||||,intron_variant|MODIFIER|PRDM16|ENSG00000142611|ENST00000378391|protein_coding|ENST00000378391.6:c.1187-1431_1187-1430del||||||||,intron_variant|MODIFIER|PRDM16|ENSG00000142611|ENST00000509860|protein_coding|ENST00000509860.1:c.614-1431_614-1430del||||||||,intron_variant|MODIFIER|PRDM16|ENSG00000142611|ENST00000511072|protein_coding|ENST00000511072.5:c.1190-1431_1190-1430del||||||||,intron_variant&non_coding_transcript_variant|MODIFIER|PRDM16|ENSG00000142611|ENST00000512462|protein_coding_CDS_not_defined|ENST00000512462.5:n.965-1431_965-1430del||||||||,intron_variant|MODIFIER|PRDM16|ENSG00000142611|ENST00000514189|protein_coding|ENST00000514189.5:c.1190-1431_1190-1430del||||||||	NA19240	0|1
1	3410118	.	TG	T	intron_variant|MODIFIER|PRDM16|ENSG00000142611|ENST00000270722|protein_coding|ENST00000270722.10:c.1187-1265del||YES||||||,intron_variant|MODIFIER|PRDM16|ENSG00000142611|ENST00000378391|protein_coding|ENST00000378391.6:c.1187-1265del||||||||,intron_variant|MODIFIER|PRDM16|ENSG00000142611|ENST00000509860|protein_coding|ENST00000509860.1:c.614-1265del||||||||,intron_variant|MODIFIER|PRDM16|ENSG00000142611|ENST00000511072|protein_coding|ENST00000511072.5:c.1190-1265del||||||||,intron_variant&non_coding_transcript_variant|MODIFIER|PRDM16|ENSG00000142611|ENST00000512462|protein_coding_CDS_not_defined|ENST00000512462.5:n.965-1265del||||||||,intron_variant|MODIFIER|PRDM16|ENSG00000142611|ENST00000514189|protein_coding|ENST00000514189.5:c.1190-1265del||||||||,regulatory_region_variant|MODIFIER|||ENSR1_BN9F|enhancer|||||||||	NA19240	0|1
1	3446708	.	G	A	upstream_gene_variant|MODIFIER||ENSG00000295754|ENST00000732444|lncRNA|||YES||||||	NA12878	0|1
1	3449989	.	A	G	upstream_gene_variant|MODIFIER|ARHGEF16|ENSG00000130762|ENST00000378378|protein_coding|||YES||||||,downstream_gene_variant|MODIFIER||ENSG00000297626|ENST00000749363|lncRNA|||YES||||||,upstream_gene_variant|MODIFIER|ARHGEF16|ENSG00000130762|ENST00000868561|protein_coding|||||||||,upstream_gene_variant|MODIFIER|ARHGEF16|ENSG00000130762|ENST00000868562|protein_coding|||||||||,upstream_gene_variant|MODIFIER|ARHGEF16|ENSG00000130762|ENST00000868563|protein_coding|||||||||,upstream_gene_variant|MODIFIER|ARHGEF16|ENSG00000130762|ENST00000868564|protein_coding|||||||||,upstream_gene_variant|MODIFIER|ARHGEF16|ENSG00000130762|ENST00000943437|protein_coding|||||||||	NA12878	1|0
1	3469356	.	C	T	intron_variant|MODIFIER|ARHGEF16|ENSG00000130762|ENST00000378371|protein_coding|ENST00000378371.6:c.-3-77C>T||||||||,intron_variant|MODIFIER|ARHGEF16|ENSG00000130762|ENST00000378373|protein_coding|ENST00000378373.5:c.-3-77C>T||||||||,intron_variant|MODIFIER|ARHGEF16|ENSG00000130762|ENST00000378378|protein_coding|ENST00000378378.9:c.862-77C>T||YES||||||,upstream_gene_variant|MODIFIER|ARHGEF16|ENSG00000130762|ENST00000418137|protein_coding|||||||||,intron_variant|MODIFIER|ARHGEF16|ENSG00000130762|ENST00000445297|protein_coding|ENST00000445297.5:c.-3-77C>T||||||||,upstream_gene_variant|MODIFIER|ARHGEF16|ENSG00000130762|ENST00000464620|retained_intron|||||||||,upstream_gene_variant|MODIFIER|ARHGEF16|ENSG00000130762|ENST00000485984|retained_intron|||||||||,intron_variant|MODIFIER|ARHGEF16|ENSG00000130762|ENST00000868561|protein_coding|ENST00000868561.1:c.862-77C>T||||||||,intron_variant|MODIFIER|ARHGEF16|ENSG00000130762|ENST00000868562|protein_coding|ENST00000868562.1:c.862-77C>T||||||||,intron_variant|MODIFIER|ARHGEF16|ENSG00000130762|ENST00000868563|protein_coding|ENST00000868563.1:c.862-77C>T||||||||,intron_variant|MODIFIER|ARHGEF16|ENSG00000130762|ENST00000868564|protein_coding|ENST00000868564.1:c.862-77C>T||||||||,intron_variant|MODIFIER|ARHGEF16|ENSG00000130762|ENST00000943437|protein_coding|ENST00000943437.1:c.862-77C>T||||||||	NA19240	1|0
1	3500559	.	G	A	intron_variant|MODIFIER|MEGF6|ENSG00000162591|ENST00000294599|protein_coding|ENST00000294599.8:c.2392+74C>T||||||||,intron_variant|MODIFIER|MEGF6|ENSG00000162591|ENST00000356575|protein_coding|ENST00000356575.9:c.2707+74C>T||YES||||||,upstream_gene_variant|MODIFIER|MEGF6|ENSG00000162591|ENST00000475790|retained_intron|||||||||,intron_variant&NMD_transcript_variant|MODIFIER|MEGF6|ENSG00000162591|ENST00000485002|nonsense_mediated_decay|ENST00000485002.6:c.2728+74C>T||||||||,upstream_gene_variant|MODIFIER|MEGF6|ENSG00000162591|ENST00000491842|protein_coding|||||||||,intron_variant|MODIFIER|MEGF6|ENSG00000162591|ENST00000697102|protein_coding|ENST00000697102.1:c.2392+74C>T||||||||,intron_variant|MODIFIER|MEGF6|ENSG00000162591|ENST00000909778|protein_coding|ENST00000909778.1:c.2707+74C>T||||||||,intron_variant|MODIFIER|MEGF6|ENSG00000162591|ENST00000909779|protein_coding|ENST00000909779.1:c.2707+74C>T||||||||,intron_variant|MODIFIER|MEGF6|ENSG00000162591|ENST00000909780|protein_coding|ENST00000909780.1:c.2707+74C>T||||||||,intron_variant|MODIFIER|MEGF6|ENSG00000162591|ENST00000920604|protein_coding|ENST00000920604.1:c.2584+74C>T||||||||,intron_variant|MODIFIER|MEGF6|ENSG00000162591|ENST00000920605|protein_coding|ENST00000920605.1:c.2707+74C>T||||||||,intron_variant|MODIFIER|MEGF6|ENSG00000162591|ENST00000920606|protein_coding|ENST00000920606.1:c.2584+74C>T||||||||,intron_variant|MODIFIER|MEGF6|ENSG00000162591|ENST00000920607|protein_coding|ENST00000920607.1:c.2314+1237C>T||||||||,intron_variant|MODIFIER|MEGF6|ENSG00000162591|ENST00000920608|protein_coding|ENST00000920608.1:c.2311+74C>T||||||||,intron_variant|MODIFIER|MEGF6|ENSG00000162591|ENST00000920609|protein_coding|ENST00000920609.1:c.2572+74C>T||||||||,intron_variant|MODIFIER|MEGF6|ENSG00000162591|ENST00000920610|protein_coding|ENST00000920610.1:c.2575+74C>T||||||||,intron_variant|MODIFIER|MEGF6|ENSG00000162591|ENST00000954838|protein_coding|ENST00000954838.1:c.1954+74C>T||||||||,intron_variant|MODIFIER|MEGF6|ENSG00000162591|ENST00000954839|protein_coding|ENST00000954839.1:c.2584+74C>T||||||||,intron_variant|MODIFIER|MEGF6|ENSG00000162591|ENST00000954840|protein_coding|ENST00000954840.1:c.2707+74C>T||||||||,intron_variant|MODIFIER|MEGF6|ENSG00000162591|ENST00000954841|protein_coding|ENST00000954841.1:c.2575+74C>T||||||||,intron_variant|MODIFIER|MEGF6|ENSG00000162591|ENST00000954842|protein_coding|ENST00000954842.1:c.2575+74C>T||||||||,intron_variant|MODIFIER|MEGF6|ENSG00000162591|ENST00000954843|protein_coding|ENST00000954843.1:c.2452+74C>T||||||||	NA12878	1|0
1	3510546	.	A	C	intron_variant|MODIFIER|MEGF6|ENSG00000162591|ENST00000294599|protein_coding|ENST00000294599.8:c.919+237T>G||||||||,intron_variant|MODIFIER|MEGF6|ENSG00000162591|ENST00000356575|protein_coding|ENST00000356575.9:c.1234+237T>G||YES||||||,intron_variant&NMD_transcript_variant|MODIFIER|MEGF6|ENSG00000162591|ENST00000485002|nonsense_mediated_decay|ENST00000485002.6:c.1255+237T>G||||||||,intron_variant|MODIFIER|MEGF6|ENSG00000162591|ENST00000697102|protein_coding|ENST00000697102.1:c.919+237T>G||||||||,intron_variant|MODIFIER|MEGF6|ENSG00000162591|ENST00000909778|protein_coding|ENST00000909778.1:c.1234+237T>G||||||||,intron_variant|MODIFIER|MEGF6|ENSG00000162591|ENST00000909779|protein_coding|ENST00000909779.1:c.1234+237T>G||||||||,intron_variant|MODIFIER|MEGF6|ENSG00000162591|ENST00000909780|protein_coding|ENST00000909780.1:c.1234+237T>G||||||||,intron_variant|MODIFIER|MEGF6|ENSG00000162591|ENST00000920604|protein_coding|ENST00000920604.1:c.1111+237T>G||||||||,intron_variant|MODIFIER|MEGF6|ENSG00000162591|ENST00000920605|protein_coding|ENST00000920605.1:c.1234+237T>G||||||||,intron_variant|MODIFIER|MEGF6|ENSG00000162591|ENST00000920606|protein_coding|ENST00000920606.1:c.1111+237T>G||||||||,intron_variant|MODIFIER|MEGF6|ENSG00000162591|ENST00000920607|protein_coding|ENST00000920607.1:c.1234+237T>G||||||||,intron_variant|MODIFIER|MEGF6|ENSG00000162591|ENST00000920608|protein_coding|ENST00000920608.1:c.838+237T>G||||||||,intron_variant|MODIFIER|MEGF6|ENSG00000162591|ENST00000920609|protein_coding|ENST00000920609.1:c.1099+237T>G||||||||,intron_variant|MODIFIER|MEGF6|ENSG00000162591|ENST00000920610|protein_coding|ENST00000920610.1:c.1234+237T>G||||||||,intron_variant|MODIFIER|MEGF6|ENSG00000162591|ENST00000954838|protein_coding|ENST00000954838.1:c.482-554T>G||||||||,intron_variant|MODIFIER|MEGF6|ENSG00000162591|ENST00000954839|protein_coding|ENST00000954839.1:c.1111+237T>G||||||||,intron_variant|MODIFIER|MEGF6|ENSG00000162591|ENST00000954840|protein_coding|ENST00000954840.1:c.1234+237T>G||||||||,intron_variant|MODIFIER|MEGF6|ENSG00000162591|ENST00000954841|protein_coding|ENST00000954841.1:c.1234+237T>G||||||||,intron_variant|MODIFIER|MEGF6|ENSG00000162591|ENST00000954842|protein_coding|ENST00000954842.1:c.1234+237T>G||||||||,intron_variant|MODIFIER|MEGF6|ENSG00000162591|ENST00000954843|protein_coding|ENST00000954843.1:c.1111+237T>G||||||||,regulatory_region_variant|MODIFIER|||ENSR1_93DLQ|enhancer|||||||||	NA12878	0|1
1	3510549	.	T	G	intron_variant|MODIFIER|MEGF6|ENSG00000162591|ENST00000294599|protein_coding|ENST00000294599.8:c.919+234A>C||||||||,intron_variant|MODIFIER|MEGF6|ENSG00000162591|ENST00000356575|protein_coding|ENST00000356575.9:c.1234+234A>C||YES||||||,intron_variant&NMD_transcript_variant|MODIFIER|MEGF6|ENSG00000162591|ENST00000485002|nonsense_mediated_decay|ENST00000485002.6:c.1255+234A>C||||||||,intron_variant|MODIFIER|MEGF6|ENSG00000162591|ENST00000697102|protein_coding|ENST00000697102.1:c.919+234A>C||||||||,intron_variant|MODIFIER|MEGF6|ENSG00000162591|ENST00000909778|protein_coding|ENST00000909778.1:c.1234+234A>C||||||||,intron_variant|MODIFIER|MEGF6|ENSG00000162591|ENST00000909779|protein_coding|ENST00000909779.1:c.1234+234A>C||||||||,intron_variant|MODIFIER|MEGF6|ENSG00000162591|ENST00000909780|protein_coding|ENST00000909780.1:c.1234+234A>C||||||||,intron_variant|MODIFIER|MEGF6|ENSG00000162591|ENST00000920604|protein_coding|ENST00000920604.1:c.1111+234A>C||||||||,intron_variant|MODIFIER|MEGF6|ENSG00000162591|ENST00000920605|protein_coding|ENST00000920605.1:c.1234+234A>C||||||||,intron_variant|MODIFIER|MEGF6|ENSG00000162591|ENST00000920606|protein_coding|ENST00000920606.1:c.1111+234A>C||||||||,intron_variant|MODIFIER|MEGF6|ENSG00000162591|ENST00000920607|protein_coding|ENST00000920607.1:c.1234+234A>C||||||||,intron_variant|MODIFIER|MEGF6|ENSG00000162591|ENST00000920608|protein_coding|ENST00000920608.1:c.838+234A>C||||||||,intron_variant|MODIFIER|MEGF6|ENSG00000162591|ENST00000920609|protein_coding|ENST00000920609.1:c.1099+234A>C||||||||,intron_variant|MODIFIER|MEGF6|ENSG00000162591|ENST00000920610|protein_coding|ENST00000920610.1:c.1234+234A>C||||||||,intron_variant|MODIFIER|MEGF6|ENSG00000162591|ENST00000954838|protein_coding|ENST00000954838.1:c.482-557A>C||||||||,intron_variant|MODIFIER|MEGF6|ENSG00000162591|ENST00000954839|protein_coding|ENST00000954839.1:c.1111+234A>C||||||||,intron_variant|MODIFIER|MEGF6|ENSG00000162591|ENST00000954840|protein_coding|ENST00000954840.1:c.1234+234A>C||||||||,intron_variant|MODIFIER|MEGF6|ENSG00000162591|ENST00000954841|protein_coding|ENST00000954841.1:c.1234+234A>C||||||||,intron_variant|MODIFIER|MEGF6|ENSG00000162591|ENST00000954842|protein_coding|ENST00000954842.1:c.1234+234A>C||||||||,intron_variant|MODIFIER|MEGF6|ENSG00000162591|ENST00000954843|protein_coding|ENST00000954843.1:c.1111+234A>C||||||||,regulatory_region_variant|MODIFIER|||ENSR1_93DLQ|enhancer|||||||||	NA12878	0|1
1	3510557	.	G	C	intron_variant|MODIFIER|MEGF6|ENSG00000162591|ENST00000294599|protein_coding|ENST00000294599.8:c.919+226C>G||||||||,intron_variant|MODIFIER|MEGF6|ENSG00000162591|ENST00000356575|protein_coding|ENST00000356575.9:c.1234+226C>G||YES||||||,intron_variant&NMD_transcript_variant|MODIFIER|MEGF6|ENSG00000162591|ENST00000485002|nonsense_mediated_decay|ENST00000485002.6:c.1255+226C>G||||||||,intron_variant|MODIFIER|MEGF6|ENSG00000162591|ENST00000697102|protein_coding|ENST00000697102.1:c.919+226C>G||||||||,intron_variant|MODIFIER|MEGF6|ENSG00000162591|ENST00000909778|protein_coding|ENST00000909778.1:c.1234+226C>G||||||||,intron_variant|MODIFIER|MEGF6|ENSG00000162591|ENST00000909779|protein_coding|ENST00000909779.1:c.1234+226C>G||||||||,intron_variant|MODIFIER|MEGF6|ENSG00000162591|ENST00000909780|protein_coding|ENST00000909780.1:c.1234+226C>G||||||||,intron_variant|MODIFIER|MEGF6|ENSG00000162591|ENST00000920604|protein_coding|ENST00000920604.1:c.1111+226C>G||||||||,intron_variant|MODIFIER|MEGF6|ENSG00000162591|ENST00000920605|protein_coding|ENST00000920605.1:c.1234+226C>G||||||||,intron_variant|MODIFIER|MEGF6|ENSG00000162591|ENST00000920606|protein_coding|ENST00000920606.1:c.1111+226C>G||||||||,intron_variant|MODIFIER|MEGF6|ENSG00000162591|ENST00000920607|protein_coding|ENST00000920607.1:c.1234+226C>G||||||||,intron_variant|MODIFIER|MEGF6|ENSG00000162591|ENST00000920608|protein_coding|ENST00000920608.1:c.838+226C>G||||||||,intron_variant|MODIFIER|MEGF6|ENSG00000162591|ENST00000920609|protein_coding|ENST00000920609.1:c.1099+226C>G||||||||,intron_variant|MODIFIER|MEGF6|ENSG00000162591|ENST00000920610|protein_coding|ENST00000920610.1:c.1234+226C>G||||||||,intron_variant|MODIFIER|MEGF6|ENSG00000162591|ENST00000954838|protein_coding|ENST00000954838.1:c.482-565C>G||||||||,intron_variant|MODIFIER|MEGF6|ENSG00000162591|ENST00000954839|protein_coding|ENST00000954839.1:c.1111+226C>G||||||||,intron_variant|MODIFIER|MEGF6|ENSG00000162591|ENST00000954840|protein_coding|ENST00000954840.1:c.1234+226C>G||||||||,intron_variant|MODIFIER|MEGF6|ENSG00000162591|ENST00000954841|protein_coding|ENST00000954841.1:c.1234+226C>G||||||||,intron_variant|MODIFIER|MEGF6|ENSG00000162591|ENST00000954842|protein_coding|ENST00000954842.1:c.1234+226C>G||||||||,intron_variant|MODIFIER|MEGF6|ENSG00000162591|ENST00000954843|protein_coding|ENST00000954843.1:c.1111+226C>G||||||||,regulatory_region_variant|MODIFIER|||ENSR1_93DLQ|enhancer|||||||||	NA12878	0|1
1	3529032	.	C	T	intron_variant|MODIFIER|MEGF6|ENSG00000162591|ENST00000294599|protein_coding|ENST00000294599.8:c.166+2048G>A||||||||,intron_variant|MODIFIER|MEGF6|ENSG00000162591|ENST00000356575|protein_coding|ENST00000356575.9:c.482-4786G>A||YES||||||,intron_variant&NMD_transcript_variant|MODIFIER|MEGF6|ENSG00000162591|ENST00000485002|nonsense_mediated_decay|ENST00000485002.6:c.503-4786G>A||||||||,intron_variant|MODIFIER|MEGF6|ENSG00000162591|ENST00000697102|protein_coding|ENST00000697102.1:c.166+2048G>A||||||||,intron_variant|MODIFIER|MEGF6|ENSG00000162591|ENST00000909778|protein_coding|ENST00000909778.1:c.482-4786G>A||||||||,intron_variant|MODIFIER|MEGF6|ENSG00000162591|ENST00000909779|protein_coding|ENST00000909779.1:c.482-4786G>A||||||||,intron_variant|MODIFIER|MEGF6|ENSG00000162591|ENST00000909780|protein_coding|ENST00000909780.1:c.482-4786G>A||||||||,intron_variant|MODIFIER|MEGF6|ENSG00000162591|ENST00000920604|protein_coding|ENST00000920604.1:c.482-13505G>A||||||||,intron_variant|MODIFIER|MEGF6|ENSG00000162591|ENST00000920605|protein_coding|ENST00000920605.1:c.482-4786G>A||||||||,intron_variant|MODIFIER|MEGF6|ENSG00000162591|ENST00000920606|protein_coding|ENST00000920606.1:c.482-13505G>A||||||||,intron_variant|MODIFIER|MEGF6|ENSG00000162591|ENST00000920607|protein_coding|ENST00000920607.1:c.482-4786G>A||||||||,intron_variant|MODIFIER|MEGF6|ENSG00000162591|ENST00000920608|protein_coding|ENST00000920608.1:c.347-13505G>A||||||||,intron_variant|MODIFIER|MEGF6|ENSG00000162591|ENST00000920609|protein_coding|ENST00000920609.1:c.347-4786G>A||||||||,intron_variant|MODIFIER|MEGF6|ENSG00000162591|ENST00000920610|protein_coding|ENST00000920610.1:c.482-4786G>A||||||||,intron_variant|MODIFIER|MEGF6|ENSG00000162591|ENST00000954838|protein_coding|ENST00000954838.1:c.482-19040G>A||||||||,intron_variant|MODIFIER|MEGF6|ENSG00000162591|ENST00000954839|protein_coding|ENST00000954839.1:c.482-13505G>A||||||||,intron_variant|MODIFIER|MEGF6|ENSG00000162591|ENST00000954840|protein_coding|ENST00000954840.1:c.482-4786G>A||||||||,intron_variant|MODIFIER|MEGF6|ENSG00000162591|ENST00000954841|protein_coding|ENST00000954841.1:c.482-4786G>A||||||||,intron_variant|MODIFIER|MEGF6|ENSG00000162591|ENST00000954842|protein_coding|ENST00000954842.1:c.482-4786G>A||||||||,intron_variant|MODIFIER|MEGF6|ENSG00000162591|ENST00000954843|protein_coding|ENST00000954843.1:c.482-13505G>A||||||||	NA19240	0|1
1	3537374	.	C	T	intron_variant|MODIFIER|MEGF6|ENSG00000162591|ENST00000356575|protein_coding|ENST00000356575.9:c.482-13128G>A||YES||||||,intron_variant&NMD_transcript_variant|MODIFIER|MEGF6|ENSG00000162591|ENST00000485002|nonsense_mediated_decay|ENST00000485002.6:c.502+9624G>A||||||||,intron_variant|MODIFIER|MEGF6|ENSG00000162591|ENST00000909778|protein_coding|ENST00000909778.1:c.482-13128G>A||||||||,intron_variant|MODIFIER|MEGF6|ENSG00000162591|ENST00000909779|protein_coding|ENST00000909779.1:c.482-13128G>A||||||||,intron_variant|MODIFIER|MEGF6|ENSG00000162591|ENST00000909780|protein_coding|ENST00000909780.1:c.482-13128G>A||||||||,intron_variant|MODIFIER|MEGF6|ENSG00000162591|ENST00000920604|protein_coding|ENST00000920604.1:c.482-21847G>A||||||||,intron_variant|MODIFIER|MEGF6|ENSG00000162591|ENST00000920605|protein_coding|ENST00000920605.1:c.482-13128G>A||||||||,intron_variant|MODIFIER|MEGF6|ENSG00000162591|ENST00000920606|protein_coding|ENST00000920606.1:c.482-21847G>A||||||||,intron_variant|MODIFIER|MEGF6|ENSG00000162591|ENST00000920607|protein_coding|ENST00000920607.1:c.482-13128G>A||||||||,intron_variant|MODIFIER|MEGF6|ENSG00000162591|ENST00000920608|protein_coding|ENST00000920608.1:c.347-21847G>A||||||||,intron_variant|MODIFIER|MEGF6|ENSG00000162591|ENST00000920609|protein_coding|ENST00000920609.1:c.347-13128G>A||||||||,intron_variant|MODIFIER|MEGF6|ENSG00000162591|ENST00000920610|protein_coding|ENST00000920610.1:c.482-13128G>A||||||||,intron_variant|MODIFIER|MEGF6|ENSG00000162591|ENST00000954838|protein_coding|ENST00000954838.1:c.482-27382G>A||||||||,intron_variant|MODIFIER|MEGF6|ENSG00000162591|ENST00000954839|protein_coding|ENST00000954839.1:c.482-21847G>A||||||||,intron_variant|MODIFIER|MEGF6|ENSG00000162591|ENST00000954840|protein_coding|ENST00000954840.1:c.482-13128G>A||||||||,intron_variant|MODIFIER|MEGF6|ENSG00000162591|ENST00000954841|protein_coding|ENST00000954841.1:c.482-13128G>A||||||||,intron_variant|MODIFIER|MEGF6|ENSG00000162591|ENST00000954842|protein_coding|ENST00000954842.1:c.482-13128G>A||||||||,intron_variant|MODIFIER|MEGF6|ENSG00000162591|ENST00000954843|protein_coding|ENST00000954843.1:c.482-21847G>A||||||||	NA19240	1|0
1	3574449	.	T	C	intron_variant|MODIFIER|MEGF6|ENSG00000162591|ENST00000356575|protein_coding|ENST00000356575.9:c.481+5376A>G||YES||||||,intron_variant&NMD_transcript_variant|MODIFIER|MEGF6|ENSG00000162591|ENST00000485002|nonsense_mediated_decay|ENST00000485002.6:c.376+20889A>G||||||||,intron_variant|MODIFIER|MEGF6|ENSG00000162591|ENST00000909778|protein_coding|ENST00000909778.1:c.481+5376A>G||||||||,intron_variant|MODIFIER|MEGF6|ENSG00000162591|ENST00000909779|protein_coding|ENST00000909779.1:c.481+5376A>G||||||||,intron_variant|MODIFIER|MEGF6|ENSG00000162591|ENST00000909780|protein_coding|ENST00000909780.1:c.481+5376A>G||||||||,intron_variant|MODIFIER|MEGF6|ENSG00000162591|ENST00000920604|protein_coding|ENST00000920604.1:c.481+5376A>G||||||||,intron_variant|MODIFIER|MEGF6|ENSG00000162591|ENST00000920605|protein_coding|ENST00000920605.1:c.481+5376A>G||||||||,intron_variant|MODIFIER|MEGF6|ENSG00000162591|ENST00000920606|protein_coding|ENST00000920606.1:c.481+5376A>G||||||||,intron_variant|MODIFIER|MEGF6|ENSG00000162591|ENST00000920607|protein_coding|ENST00000920607.1:c.481+5376A>G||||||||,intron_variant|MODIFIER|MEGF6|ENSG00000162591|ENST00000920608|protein_coding|ENST00000920608.1:c.346+5376A>G||||||||,intron_variant|MODIFIER|MEGF6|ENSG00000162591|ENST00000920609|protein_coding|ENST00000920609.1:c.346+5376A>G||||||||,intron_variant|MODIFIER|MEGF6|ENSG00000162591|ENST00000920610|protein_coding|ENST00000920610.1:c.481+5376A>G||||||||,intron_variant|MODIFIER|MEGF6|ENSG00000162591|ENST00000954838|protein_coding|ENST00000954838.1:c.481+5376A>G||||||||,intron_variant|MODIFIER|MEGF6|ENSG00000162591|ENST00000954839|protein_coding|ENST00000954839.1:c.481+5376A>G||||||||,intron_variant|MODIFIER|MEGF6|ENSG00000162591|ENST00000954840|protein_coding|ENST00000954840.1:c.481+5376A>G||||||||,intron_variant|MODIFIER|MEGF6|ENSG00000162591|ENST00000954841|protein_coding|ENST00000954841.1:c.481+5376A>G||||||||,intron_variant|MODIFIER|MEGF6|ENSG00000162591|ENST00000954842|protein_coding|ENST00000954842.1:c.481+5376A>G||||||||,intron_variant|MODIFIER|MEGF6|ENSG00000162591|ENST00000954843|protein_coding|ENST00000954843.1:c.481+5376A>G||||||||	NA12878	0|1
1	3603227	.	C	G	intron_variant|MODIFIER|MEGF6|ENSG00000162591|ENST00000356575|protein_coding|ENST00000356575.9:c.132-627G>C||YES||||||,intron_variant&NMD_transcript_variant|MODIFIER|MEGF6|ENSG00000162591|ENST00000485002|nonsense_mediated_decay|ENST00000485002.6:c.132-627G>C||||||||,intron_variant|MODIFIER|MEGF6|ENSG00000162591|ENST00000909778|protein_coding|ENST00000909778.1:c.132-627G>C||||||||,intron_variant|MODIFIER|MEGF6|ENSG00000162591|ENST00000909779|protein_coding|ENST00000909779.1:c.132-627G>C||||||||,intron_variant|MODIFIER|MEGF6|ENSG00000162591|ENST00000909780|protein_coding|ENST00000909780.1:c.132-627G>C||||||||,intron_variant|MODIFIER|MEGF6|ENSG00000162591|ENST00000920604|protein_coding|ENST00000920604.1:c.132-627G>C||||||||,intron_variant|MODIFIER|MEGF6|ENSG00000162591|ENST00000920605|protein_coding|ENST00000920605.1:c.132-627G>C||||||||,intron_variant|MODIFIER|MEGF6|ENSG00000162591|ENST00000920606|protein_coding|ENST00000920606.1:c.132-627G>C||||||||,intron_variant|MODIFIER|MEGF6|ENSG00000162591|ENST00000920607|protein_coding|ENST00000920607.1:c.132-627G>C||||||||,intron_variant|MODIFIER|MEGF6|ENSG00000162591|ENST00000920608|protein_coding|ENST00000920608.1:c.132-7780G>C||||||||,intron_variant|MODIFIER|MEGF6|ENSG00000162591|ENST00000920609|protein_coding|ENST00000920609.1:c.132-7780G>C||||||||,intron_variant|MODIFIER|MEGF6|ENSG00000162591|ENST00000920610|protein_coding|ENST00000920610.1:c.132-627G>C||||||||,intron_variant|MODIFIER|MEGF6|ENSG00000162591|ENST00000954838|protein_coding|ENST00000954838.1:c.132-627G>C||||||||,intron_variant|MODIFIER|MEGF6|ENSG00000162591|ENST00000954839|protein_coding|ENST00000954839.1:c.132-627G>C||||||||,intron_variant|MODIFIER|MEGF6|ENSG00000162591|ENST00000954840|protein_coding|ENST00000954840.1:c.132-627G>C||||||||,intron_variant|MODIFIER|MEGF6|ENSG00000162591|ENST00000954841|protein_coding|ENST00000954841.1:c.132-627G>C||||||||,intron_variant|MODIFIER|MEGF6|ENSG00000162591|ENST00000954842|protein_coding|ENST00000954842.1:c.132-627G>C||||||||,intron_variant|MODIFIER|MEGF6|ENSG00000162591|ENST00000954843|protein_coding|ENST00000954843.1:c.132-627G>C||||||||	NA12878	0|1
1	3715335	.	C	T	intron_variant|MODIFIER|TP73|ENSG00000078900|ENST00000354437|protein_coding|ENST00000354437.8:c.430-6686C>T||||||||,intron_variant|MODIFIER|TP73|ENSG00000078900|ENST00000378280|protein_coding|ENST00000378280.5:c.283-6686C>T||||||||,intron_variant|MODIFIER|TP73|ENSG00000078900|ENST00000378285|protein_coding|ENST00000378285.5:c.283-6686C>T||||||||,intron_variant|MODIFIER|TP73|ENSG00000078900|ENST00000378288|protein_coding|ENST00000378288.8:c.283-6686C>T||||||||,intron_variant|MODIFIER|TP73|ENSG00000078900|ENST00000378290|protein_coding|ENST00000378290.4:c.217-6686C>T||||||||,intron_variant|MODIFIER|TP73|ENSG00000078900|ENST00000378295|protein_coding|ENST00000378295.9:c.430-6686C>T||YES||||||,upstream_gene_variant|MODIFIER|TP73-AS2|ENSG00000235131|ENST00000416554|lncRNA|||YES||||||,intron_variant|MODIFIER|TP73|ENSG00000078900|ENST00000603362|protein_coding|ENST00000603362.6:c.430-6686C>T||||||||,intron_variant&non_coding_transcript_variant|MODIFIER|TP73|ENSG00000078900|ENST00000603364|retained_intron|ENST00000603364.5:n.482-6686C>T||||||||,intron_variant|MODIFIER|TP73|ENSG00000078900|ENST00000604074|protein_coding|ENST00000604074.5:c.430-6686C>T||||||||,intron_variant|MODIFIER|TP73|ENSG00000078900|ENST00000604479|protein_coding|ENST00000604479.6:c.430-6686C>T||||||||,intron_variant|MODIFIER|TP73|ENSG00000078900|ENST00000713570|protein_coding|ENST00000713570.1:c.430-6686C>T||||||||,downstream_gene_variant|MODIFIER|TP73|ENSG00000078900|ENST00000713571|protein_coding_CDS_not_defined|||||||||,intron_variant|MODIFIER|TP73|ENSG00000078900|ENST00000713572|protein_coding|ENST00000713572.1:c.430-6686C>T||||||||,intron_variant|MODIFIER|TP73|ENSG00000078900|ENST00000908821|protein_coding|ENST00000908821.1:c.430-6686C>T||||||||,intron_variant|MODIFIER|TP73|ENSG00000078900|ENST00000917568|protein_coding|ENST00000917568.1:c.430-6686C>T||||||||,intron_variant|MODIFIER|TP73|ENSG00000078900|ENST00000917569|protein_coding|ENST00000917569.1:c.430-6686C>T||||||||	NA12878	1|0
1	3726471	.	T	G	intron_variant|MODIFIER|TP73|ENSG00000078900|ENST00000354437|protein_coding|ENST00000354437.8:c.733-644T>G||||||||,intron_variant|MODIFIER|TP73|ENSG00000078900|ENST00000378280|protein_coding|ENST00000378280.5:c.586-644T>G||||||||,intron_variant|MODIFIER|TP73|ENSG00000078900|ENST00000378285|protein_coding|ENST00000378285.5:c.586-644T>G||||||||,intron_variant|MODIFIER|TP73|ENSG00000078900|ENST00000378288|protein_coding|ENST00000378288.8:c.586-644T>G||||||||,intron_variant|MODIFIER|TP73|ENSG00000078900|ENST00000378290|protein_coding|ENST00000378290.4:c.520-644T>G||||||||,intron_variant|MODIFIER|TP73|ENSG00000078900|ENST00000378295|protein_coding|ENST00000378295.9:c.733-644T>G||YES||||||,intron_variant|MODIFIER|TP73|ENSG00000078900|ENST00000603362|protein_coding|ENST00000603362.6:c.733-644T>G||||||||,intron_variant&non_coding_transcript_variant|MODIFIER|TP73|ENSG00000078900|ENST00000603364|retained_intron|ENST00000603364.5:n.785-644T>G||||||||,intron_variant|MODIFIER|TP73|ENSG00000078900|ENST00000604074|protein_coding|ENST00000604074.5:c.733-644T>G||||||||,intron_variant|MODIFIER|TP73|ENSG00000078900|ENST00000604479|protein_coding|ENST00000604479.6:c.733-644T>G||||||||,upstream_gene_variant|MODIFIER|TP73|ENSG00000078900|ENST00000604566|retained_intron|||||||||,intron_variant|MODIFIER|TP73|ENSG00000078900|ENST00000713570|protein_coding|ENST00000713570.1:c.733-644T>G||||||||,intron_variant|MODIFIER|TP73|ENSG00000078900|ENST00000713572|protein_coding|ENST00000713572.1:c.733-644T>G||||||||,intron_variant|MODIFIER|TP73|ENSG00000078900|ENST00000908821|protein_coding|ENST00000908821.1:c.733-644T>G||||||||,intron_variant|MODIFIER|TP73|ENSG00000078900|ENST00000917568|protein_coding|ENST00000917568.1:c.733-644T>G||||||||,intron_variant|MODIFIER|TP73|ENSG00000078900|ENST00000917569|protein_coding|ENST00000917569.1:c.733-644T>G||||||||	NA12878	1|0
1	3737931	.	C	T	downstream_gene_variant|MODIFIER|TP73|ENSG00000078900|ENST00000354437|protein_coding|||||||||,downstream_gene_variant|MODIFIER|TP73|ENSG00000078900|ENST00000378280|protein_coding|||||||||,downstream_gene_variant|MODIFIER|TP73|ENSG00000078900|ENST00000378285|protein_coding|||||||||,downstream_gene_variant|MODIFIER|TP73|ENSG00000078900|ENST00000378288|protein_coding|||||||||,downstream_gene_variant|MODIFIER|TP73|ENSG00000078900|ENST00000378290|protein_coding|||||||||,downstream_gene_variant|MODIFIER|TP73|ENSG00000078900|ENST00000378295|protein_coding|||YES||||||,intron_variant&non_coding_transcript_variant|MODIFIER|GFOD3P|ENSG00000293478|ENST00000418088|lncRNA|ENST00000418088.6:n.1454-77G>A||||||||,non_coding_transcript_exon_variant|MODIFIER|GFOD3P|ENSG00000293478|ENST00000419973|lncRNA|ENST00000419973.2:n.1936G>A||||||||,non_coding_transcript_exon_variant|MODIFIER|GFOD3P|ENSG00000293478|ENST00000423764|lncRNA|ENST00000423764.6:n.2743G>A||||||||,non_coding_transcript_exon_variant|MODIFIER|GFOD3P|ENSG00000293478|ENST00000452079|lncRNA|ENST00000452079.5:n.4411G>A||YES||||||,downstream_gene_variant|MODIFIER|GFOD3P|ENSG00000293478|ENST00000587071|lncRNA|||||||||,downstream_gene_variant|MODIFIER|TP73|ENSG00000078900|ENST00000603362|protein_coding|||||||||,downstream_gene_variant|MODIFIER|TP73|ENSG00000078900|ENST00000604074|protein_coding|||||||||,downstream_gene_variant|MODIFIER|TP73|ENSG00000078900|ENST00000604479|protein_coding|||||||||,downstream_gene_variant|MODIFIER|TP73|ENSG00000078900|ENST00000604566|retained_intron|||||||||,downstream_gene_variant|MODIFIER|GFOD3P|ENSG00000293478|ENST00000608600|lncRNA|||||||||,downstream_gene_variant|MODIFIER||ENSG00000276189|ENST00000611447|misc_RNA|||YES||||||,intron_variant&non_coding_transcript_variant|MODIFIER|GFOD3P|ENSG00000293478|ENST00000624167|lncRNA|ENST00000624167.2:n.156-828G>A||||||||,downstream_gene_variant|MODIFIER|GFOD3P|ENSG00000293478|ENST00000624948|lncRNA|||||||||,non_coding_transcript_exon_variant|MODIFIER|GFOD3P|ENSG00000293478|ENST00000636630|lncRNA|ENST00000636630.1:n.2192G>A||||||||,downstream_gene_variant|MODIFIER|GFOD3P|ENSG00000227372|ENST00000637775|transcribed_unitary_pseudogene|||YES||||||,downstream_gene_variant|MODIFIER|GFOD3P|ENSG00000293478|ENST00000647686|lncRNA|||||||||,non_coding_transcript_exon_variant|MODIFIER|GFOD3P|ENSG00000293478|ENST00000647817|lncRNA|ENST00000647817.1:n.3836G>A||||||||,intron_variant&non_coding_transcript_variant|MODIFIER|GFOD3P|ENSG00000293478|ENST00000647831|lncRNA|ENST00000647831.1:n.2170-77G>A||||||||,intron_variant&non_coding_transcript_variant|MODIFIER|GFOD3P|ENSG00000293478|ENST00000648270|lncRNA|ENST00000648270.1:n.1226-77G>A||||||||,intron_variant&non_coding_transcript_variant|MODIFIER|GFOD3P|ENSG00000293478|ENST00000648432|lncRNA|ENST00000648432.2:n.1730-828G>A||||||||,intron_variant&non_coding_transcript_variant|MODIFIER|GFOD3P|ENSG00000293478|ENST00000648479|lncRNA|ENST00000648479.1:n.1551-77G>A||||||||,intron_variant&non_coding_transcript_variant|MODIFIER|GFOD3P|ENSG00000293478|ENST00000648526|lncRNA|ENST00000648526.1:n.983+292G>A||||||||,intron_variant&non_coding_transcript_variant|MODIFIER|GFOD3P|ENSG00000293478|ENST00000648553|lncRNA|ENST00000648553.1:n.2785-77G>A||||||||,non_coding_transcript_exon_variant|MODIFIER|GFOD3P|ENSG00000293478|ENST00000648600|lncRNA|ENST00000648600.1:n.2300G>A||||||||,upstream_gene_variant|MODIFIER|GFOD3P|ENSG00000293478|ENST00000648717|lncRNA|||||||||,downstream_gene_variant|MODIFIER|GFOD3P|ENSG00000293478|ENST00000648935|lncRNA|||||||||,non_coding_transcript_exon_variant|MODIFIER|GFOD3P|ENSG00000293478|ENST00000649123|lncRNA|ENST00000649123.1:n.3426G>A||||||||,downstream_gene_variant|MODIFIER|GFOD3P|ENSG00000293478|ENST00000649290|lncRNA|||||||||,non_coding_transcript_exon_variant|MODIFIER|GFOD3P|ENSG00000293478|ENST00000649348|lncRNA|ENST00000649348.1:n.3380G>A||||||||,downstream_gene_variant|MODIFIER|GFOD3P|ENSG00000293478|ENST00000649413|lncRNA|||||||||,intron_variant&non_coding_transcript_variant|MODIFIER|GFOD3P|ENSG00000293478|ENST00000649468|lncRNA|ENST00000649468.1:n.1847-77G>A||||||||,non_coding_transcript_exon_variant|MODIFIER|GFOD3P|ENSG00000293478|ENST00000650037|lncRNA|ENST00000650037.1:n.1845G>A||||||||,intron_variant&non_coding_transcript_variant|MODIFIER|GFOD3P|ENSG00000293478|ENST00000650039|lncRNA|ENST00000650039.2:n.1730-77G>A||||||||,intron_variant&non_coding_transcript_variant|MODIFIER|GFOD3P|ENSG00000293478|ENST00000650545|lncRNA|ENST00000650545.1:n.1729-828G>A||||||||,downstream_gene_variant|MODIFIER|TP73|ENSG00000078900|ENST00000713570|protein_coding|||||||||,downstream_gene_variant|MODIFIER|TP73|ENSG00000078900|ENST00000713572|protein_coding|||||||||,intron_variant&non_coding_transcript_variant|MODIFIER|GFOD3P|ENSG00000293478|ENST00000723234|lncRNA|ENST00000723234.1:n.468-77G>A||||||||,intron_variant&non_coding_transcript_variant|MODIFIER|GFOD3P|ENSG00000293478|ENST00000723235|lncRNA|ENST00000723235.1:n.1346-77G>A||||||||,upstream_gene_variant|MODIFIER|GFOD3P|ENSG00000293478|ENST00000723236|lncRNA|||||||||,downstream_gene_variant|MODIFIER|TP73|ENSG00000078900|ENST00000908821|protein_coding|||||||||,downstream_gene_variant|MODIFIER|TP73|ENSG00000078900|ENST00000917568|protein_coding|||||||||,downstream_gene_variant|MODIFIER|TP73|ENSG00000078900|ENST00000917569|protein_coding|||||||||	NA12878	0|1
1	3832305	.	T	G	intron_variant|MODIFIER|CEP104|ENSG00000116198|ENST00000378230|protein_coding|ENST00000378230.8:c.1660-1083A>C||YES||||||,intron_variant|MODIFIER|CEP104|ENSG00000116198|ENST00000428079|protein_coding|ENST00000428079.6:c.1660-1083A>C||||||||,intron_variant&non_coding_transcript_variant|MODIFIER|CEP104|ENSG00000116198|ENST00000438539|protein_coding_CDS_not_defined|ENST00000438539.6:n.707-1083A>C||||||||,intron_variant&non_coding_transcript_variant|MODIFIER|CEP104|ENSG00000116198|ENST00000460038|protein_coding_CDS_not_defined|ENST00000460038.5:n.565-1083A>C||||||||,intron_variant|MODIFIER|CEP104|ENSG00000116198|ENST00000461667|protein_coding|ENST00000461667.2:c.1660-1083A>C||||||||,downstream_gene_variant|MODIFIER|CEP104|ENSG00000116198|ENST00000494653|protein_coding|||||||||,upstream_gene_variant|MODIFIER|CEP104|ENSG00000116198|ENST00000495701|retained_intron|||||||||,intron_variant|MODIFIER|CEP104|ENSG00000116198|ENST00000674544|protein_coding|ENST00000674544.1:c.1486-1083A>C||||||||,intron_variant|MODIFIER|CEP104|ENSG00000116198|ENST00000674558|protein_coding|ENST00000674558.1:c.1660-1083A>C||||||||,intron_variant|MODIFIER|CEP104|ENSG00000116198|ENST00000674623|protein_coding|ENST00000674623.1:c.1660-1083A>C||||||||,intron_variant&non_coding_transcript_variant|MODIFIER|CEP104|ENSG00000116198|ENST00000674879|retained_intron|ENST00000674879.1:n.2596-1083A>C||||||||,intron_variant&NMD_transcript_variant|MODIFIER|CEP104|ENSG00000116198|ENST00000674985|nonsense_mediated_decay|ENST00000674985.1:c.*518-1083A>C||||||||,intron_variant&NMD_transcript_variant|MODIFIER|CEP104|ENSG00000116198|ENST00000675108|nonsense_mediated_decay|ENST00000675108.1:c.*1576-1083A>C||||||||,intron_variant&NMD_transcript_variant|MODIFIER|CEP104|ENSG00000116198|ENST00000675200|nonsense_mediated_decay|ENST00000675200.1:c.1486-1083A>C||||||||,intron_variant&non_coding_transcript_variant|MODIFIER|CEP104|ENSG00000116198|ENST00000675334|retained_intron|ENST00000675334.1:n.1464-1083A>C||||||||,intron_variant|MODIFIER|CEP104|ENSG00000116198|ENST00000675375|protein_coding|ENST00000675375.1:c.1486-1083A>C||||||||,intron_variant|MODIFIER|CEP104|ENSG00000116198|ENST00000675666|protein_coding|ENST00000675666.1:c.1660-1083A>C||||||||,intron_variant|MODIFIER|CEP104|ENSG00000116198|ENST00000675677|protein_coding|ENST00000675677.1:c.1462-1083A>C||||||||,intron_variant&NMD_transcript_variant|MODIFIER|CEP104|ENSG00000116198|ENST00000675750|nonsense_mediated_decay|ENST00000675750.1:c.*989-1083A>C||||||||,intron_variant&non_coding_transcript_variant|MODIFIER|CEP104|ENSG00000116198|ENST00000675966|retained_intron|ENST00000675966.1:n.3332-1083A>C||||||||,intron_variant&NMD_transcript_variant|MODIFIER|CEP104|ENSG00000116198|ENST00000676009|nonsense_mediated_decay|ENST00000676009.1:c.1660-1083A>C||||||||,intron_variant|MODIFIER|CEP104|ENSG00000116198|ENST00000676052|protein_coding|ENST00000676052.1:c.1678-1083A>C||||||||,intron_variant|MODIFIER|CEP104|ENSG00000116198|ENST00000894371|protein_coding|ENST00000894371.1:c.1660-1083A>C||||||||,intron_variant|MODIFIER|CEP104|ENSG00000116198|ENST00000894372|protein_coding|ENST00000894372.1:c.1660-1083A>C||||||||,intron_variant|MODIFIER|CEP104|ENSG00000116198|ENST00000894373|protein_coding|ENST00000894373.1:c.1486-1083A>C||||||||,intron_variant|MODIFIER|CEP104|ENSG00000116198|ENST00000923945|protein_coding|ENST00000923945.1:c.1462-1083A>C||||||||,intron_variant|MODIFIER|CEP104|ENSG00000116198|ENST00000923946|protein_coding|ENST00000923946.1:c.1486-1083A>C||||||||,intron_variant|MODIFIER|CEP104|ENSG00000116198|ENST00000923947|protein_coding|ENST00000923947.1:c.1660-1083A>C||||||||,intron_variant|MODIFIER|CEP104|ENSG00000116198|ENST00000955290|protein_coding|ENST00000955290.1:c.1660-1083A>C||||||||,intron_variant|MODIFIER|CEP104|ENSG00000116198|ENST00000955291|protein_coding|ENST00000955291.1:c.1462-1083A>C||||||||	NA19240	0|1
1	3832316	.	A	G	intron_variant|MODIFIER|CEP104|ENSG00000116198|ENST00000378230|protein_coding|ENST00000378230.8:c.1660-1094T>C||YES||||||,intron_variant|MODIFIER|CEP104|ENSG00000116198|ENST00000428079|protein_coding|ENST00000428079.6:c.1660-1094T>C||||||||,intron_variant&non_coding_transcript_variant|MODIFIER|CEP104|ENSG00000116198|ENST00000438539|protein_coding_CDS_not_defined|ENST00000438539.6:n.707-1094T>C||||||||,intron_variant&non_coding_transcript_variant|MODIFIER|CEP104|ENSG00000116198|ENST00000460038|protein_coding_CDS_not_defined|ENST00000460038.5:n.565-1094T>C||||||||,intron_variant|MODIFIER|CEP104|ENSG00000116198|ENST00000461667|protein_coding|ENST00000461667.2:c.1660-1094T>C||||||||,downstream_gene_variant|MODIFIER|CEP104|ENSG00000116198|ENST00000494653|protein_coding|||||||||,upstream_gene_variant|MODIFIER|CEP104|ENSG00000116198|ENST00000495701|retained_intron|||||||||,intron_variant|MODIFIER|CEP104|ENSG00000116198|ENST00000674544|protein_coding|ENST00000674544.1:c.1486-1094T>C||||||||,intron_variant|MODIFIER|CEP104|ENSG00000116198|ENST00000674558|protein_coding|ENST00000674558.1:c.1660-1094T>C||||||||,intron_variant|MODIFIER|CEP104|ENSG00000116198|ENST00000674623|protein_coding|ENST00000674623.1:c.1660-1094T>C||||||||,intron_variant&non_coding_transcript_variant|MODIFIER|CEP104|ENSG00000116198|ENST00000674879|retained_intron|ENST00000674879.1:n.2596-1094T>C||||||||,intron_variant&NMD_transcript_variant|MODIFIER|CEP104|ENSG00000116198|ENST00000674985|nonsense_mediated_decay|ENST00000674985.1:c.*518-1094T>C||||||||,intron_variant&NMD_transcript_variant|MODIFIER|CEP104|ENSG00000116198|ENST00000675108|nonsense_mediated_decay|ENST00000675108.1:c.*1576-1094T>C||||||||,intron_variant&NMD_transcript_variant|MODIFIER|CEP104|ENSG00000116198|ENST00000675200|nonsense_mediated_decay|ENST00000675200.1:c.1486-1094T>C||||||||,intron_variant&non_coding_transcript_variant|MODIFIER|CEP104|ENSG00000116198|ENST00000675334|retained_intron|ENST00000675334.1:n.1464-1094T>C||||||||,intron_variant|MODIFIER|CEP104|ENSG00000116198|ENST00000675375|protein_coding|ENST00000675375.1:c.1486-1094T>C||||||||,intron_variant|MODIFIER|CEP104|ENSG00000116198|ENST00000675666|protein_coding|ENST00000675666.1:c.1660-1094T>C||||||||,intron_variant|MODIFIER|CEP104|ENSG00000116198|ENST00000675677|protein_coding|ENST00000675677.1:c.1462-1094T>C||||||||,intron_variant&NMD_transcript_variant|MODIFIER|CEP104|ENSG00000116198|ENST00000675750|nonsense_mediated_decay|ENST00000675750.1:c.*989-1094T>C||||||||,intron_variant&non_coding_transcript_variant|MODIFIER|CEP104|ENSG00000116198|ENST00000675966|retained_intron|ENST00000675966.1:n.3332-1094T>C||||||||,intron_variant&NMD_transcript_variant|MODIFIER|CEP104|ENSG00000116198|ENST00000676009|nonsense_mediated_decay|ENST00000676009.1:c.1660-1094T>C||||||||,intron_variant|MODIFIER|CEP104|ENSG00000116198|ENST00000676052|protein_coding|ENST00000676052.1:c.1678-1094T>C||||||||,intron_variant|MODIFIER|CEP104|ENSG00000116198|ENST00000894371|protein_coding|ENST00000894371.1:c.1660-1094T>C||||||||,intron_variant|MODIFIER|CEP104|ENSG00000116198|ENST00000894372|protein_coding|ENST00000894372.1:c.1660-1094T>C||||||||,intron_variant|MODIFIER|CEP104|ENSG00000116198|ENST00000894373|protein_coding|ENST00000894373.1:c.1486-1094T>C||||||||,intron_variant|MODIFIER|CEP104|ENSG00000116198|ENST00000923945|protein_coding|ENST00000923945.1:c.1462-1094T>C||||||||,intron_variant|MODIFIER|CEP104|ENSG00000116198|ENST00000923946|protein_coding|ENST00000923946.1:c.1486-1094T>C||||||||,intron_variant|MODIFIER|CEP104|ENSG00000116198|ENST00000923947|protein_coding|ENST00000923947.1:c.1660-1094T>C||||||||,intron_variant|MODIFIER|CEP104|ENSG00000116198|ENST00000955290|protein_coding|ENST00000955290.1:c.1660-1094T>C||||||||,intron_variant|MODIFIER|CEP104|ENSG00000116198|ENST00000955291|protein_coding|ENST00000955291.1:c.1462-1094T>C||||||||	NA19240	0|1
1	3832338	.	G	A	intron_variant|MODIFIER|CEP104|ENSG00000116198|ENST00000378230|protein_coding|ENST00000378230.8:c.1660-1116C>T||YES||||||,intron_variant|MODIFIER|CEP104|ENSG00000116198|ENST00000428079|protein_coding|ENST00000428079.6:c.1660-1116C>T||||||||,intron_variant&non_coding_transcript_variant|MODIFIER|CEP104|ENSG00000116198|ENST00000438539|protein_coding_CDS_not_defined|ENST00000438539.6:n.707-1116C>T||||||||,intron_variant&non_coding_transcript_variant|MODIFIER|CEP104|ENSG00000116198|ENST00000460038|protein_coding_CDS_not_defined|ENST00000460038.5:n.565-1116C>T||||||||,intron_variant|MODIFIER|CEP104|ENSG00000116198|ENST00000461667|protein_coding|ENST00000461667.2:c.1660-1116C>T||||||||,downstream_gene_variant|MODIFIER|CEP104|ENSG00000116198|ENST00000494653|protein_coding|||||||||,upstream_gene_variant|MODIFIER|CEP104|ENSG00000116198|ENST00000495701|retained_intron|||||||||,intron_variant|MODIFIER|CEP104|ENSG00000116198|ENST00000674544|protein_coding|ENST00000674544.1:c.1486-1116C>T||||||||,intron_variant|MODIFIER|CEP104|ENSG00000116198|ENST00000674558|protein_coding|ENST00000674558.1:c.1660-1116C>T||||||||,intron_variant|MODIFIER|CEP104|ENSG00000116198|ENST00000674623|protein_coding|ENST00000674623.1:c.1660-1116C>T||||||||,intron_variant&non_coding_transcript_variant|MODIFIER|CEP104|ENSG00000116198|ENST00000674879|retained_intron|ENST00000674879.1:n.2596-1116C>T||||||||,intron_variant&NMD_transcript_variant|MODIFIER|CEP104|ENSG00000116198|ENST00000674985|nonsense_mediated_decay|ENST00000674985.1:c.*518-1116C>T||||||||,intron_variant&NMD_transcript_variant|MODIFIER|CEP104|ENSG00000116198|ENST00000675108|nonsense_mediated_decay|ENST00000675108.1:c.*1576-1116C>T||||||||,intron_variant&NMD_transcript_variant|MODIFIER|CEP104|ENSG00000116198|ENST00000675200|nonsense_mediated_decay|ENST00000675200.1:c.1486-1116C>T||||||||,intron_variant&non_coding_transcript_variant|MODIFIER|CEP104|ENSG00000116198|ENST00000675334|retained_intron|ENST00000675334.1:n.1464-1116C>T||||||||,intron_variant|MODIFIER|CEP104|ENSG00000116198|ENST00000675375|protein_coding|ENST00000675375.1:c.1486-1116C>T||||||||,intron_variant|MODIFIER|CEP104|ENSG00000116198|ENST00000675666|protein_coding|ENST00000675666.1:c.1660-1116C>T||||||||,intron_variant|MODIFIER|CEP104|ENSG00000116198|ENST00000675677|protein_coding|ENST00000675677.1:c.1462-1116C>T||||||||,intron_variant&NMD_transcript_variant|MODIFIER|CEP104|ENSG00000116198|ENST00000675750|nonsense_mediated_decay|ENST00000675750.1:c.*989-1116C>T||||||||,intron_variant&non_coding_transcript_variant|MODIFIER|CEP104|ENSG00000116198|ENST00000675966|retained_intron|ENST00000675966.1:n.3332-1116C>T||||||||,intron_variant&NMD_transcript_variant|MODIFIER|CEP104|ENSG00000116198|ENST00000676009|nonsense_mediated_decay|ENST00000676009.1:c.1660-1116C>T||||||||,intron_variant|MODIFIER|CEP104|ENSG00000116198|ENST00000676052|protein_coding|ENST00000676052.1:c.1678-1116C>T||||||||,intron_variant|MODIFIER|CEP104|ENSG00000116198|ENST00000894371|protein_coding|ENST00000894371.1:c.1660-1116C>T||||||||,intron_variant|MODIFIER|CEP104|ENSG00000116198|ENST00000894372|protein_coding|ENST00000894372.1:c.1660-1116C>T||||||||,intron_variant|MODIFIER|CEP104|ENSG00000116198|ENST00000894373|protein_coding|ENST00000894373.1:c.1486-1116C>T||||||||,intron_variant|MODIFIER|CEP104|ENSG00000116198|ENST00000923945|protein_coding|ENST00000923945.1:c.1462-1116C>T||||||||,intron_variant|MODIFIER|CEP104|ENSG00000116198|ENST00000923946|protein_coding|ENST00000923946.1:c.1486-1116C>T||||||||,intron_variant|MODIFIER|CEP104|ENSG00000116198|ENST00000923947|protein_coding|ENST00000923947.1:c.1660-1116C>T||||||||,intron_variant|MODIFIER|CEP104|ENSG00000116198|ENST00000955290|protein_coding|ENST00000955290.1:c.1660-1116C>T||||||||,intron_variant|MODIFIER|CEP104|ENSG00000116198|ENST00000955291|protein_coding|ENST00000955291.1:c.1462-1116C>T||||||||	NA19240	0|1
1	3874699	.	A	G	intron_variant|MODIFIER|DFFB|ENSG00000169598|ENST00000338895|protein_coding|ENST00000338895.7:c.854+2127A>G||||||||,intron_variant&NMD_transcript_variant|MODIFIER|DFFB|ENSG00000169598|ENST00000339350|nonsense_mediated_decay|ENST00000339350.7:c.*600+2127A>G||||||||,intron_variant&NMD_transcript_variant|MODIFIER|DFFB|ENSG00000169598|ENST00000378206|nonsense_mediated_decay|ENST00000378206.5:c.*589+2127A>G||||||||,intron_variant|MODIFIER|DFFB|ENSG00000169598|ENST00000378209|protein_coding|ENST00000378209.8:c.782+2127A>G||YES||||||,intron_variant&NMD_transcript_variant|MODIFIER|DFFB|ENSG00000169598|ENST00000468793|nonsense_mediated_decay|ENST00000468793.5:c.*571+2127A>G||||||||,intron_variant&NMD_transcript_variant|MODIFIER|DFFB|ENSG00000169598|ENST00000475969|nonsense_mediated_decay|ENST00000475969.5:c.*456+2127A>G||||||||,intron_variant&NMD_transcript_variant|MODIFIER|DFFB|ENSG00000169598|ENST00000477548|nonsense_mediated_decay|ENST00000477548.5:c.*557+2127A>G||||||||,downstream_gene_variant|MODIFIER|DFFB|ENSG00000169598|ENST00000481945|retained_intron|||||||||,intron_variant&NMD_transcript_variant|MODIFIER|DFFB|ENSG00000169598|ENST00000491998|nonsense_mediated_decay|ENST00000491998.5:c.*93+1562A>G||||||||,intron_variant|MODIFIER|DFFB|ENSG00000169598|ENST00000894547|protein_coding|ENST00000894547.1:c.593+2127A>G||||||||,intron_variant|MODIFIER|DFFB|ENSG00000169598|ENST00000919095|protein_coding|ENST00000919095.1:c.264-8808A>G||||||||	NA12878	0|1
1	3895554	.	G	C	intron_variant|MODIFIER|C1orf174|ENSG00000198912|ENST00000361605|protein_coding|ENST00000361605.4:c.16-2558C>G||YES||||||,upstream_gene_variant|MODIFIER|LINC01134|ENSG00000236423|ENST00000413332|lncRNA|||||||||,upstream_gene_variant|MODIFIER|LINC01134|ENSG00000236423|ENST00000439488|lncRNA|||||||||,upstream_gene_variant|MODIFIER|LINC01134|ENSG00000236423|ENST00000442673|lncRNA|||||||||,intron_variant&non_coding_transcript_variant|MODIFIER|C1orf174|ENSG00000198912|ENST00000474140|retained_intron|ENST00000474140.1:n.123-2558C>G||||||||,non_coding_transcript_exon_variant|MODIFIER|C1orf174|ENSG00000198912|ENST00000486765|protein_coding_CDS_not_defined|ENST00000486765.5:n.706C>G||||||||,upstream_gene_variant|MODIFIER|LINC01134|ENSG00000236423|ENST00000667408|lncRNA|||||||||,intron_variant&NMD_transcript_variant|MODIFIER|C1orf174|ENSG00000198912|ENST00000679703|nonsense_mediated_decay|ENST00000679703.1:c.16-2558C>G||||||||,intron_variant&non_coding_transcript_variant|MODIFIER|C1orf174|ENSG00000198912|ENST00000679929|protein_coding_CDS_not_defined|ENST00000679929.1:n.83-2565C>G||||||||,intron_variant&NMD_transcript_variant|MODIFIER|C1orf174|ENSG00000198912|ENST00000679946|nonsense_mediated_decay|ENST00000679946.1:c.16-2558C>G||||||||,intron_variant&NMD_transcript_variant|MODIFIER|C1orf174|ENSG00000198912|ENST00000680054|nonsense_mediated_decay|ENST00000680054.1:c.16-2558C>G||||||||,intron_variant|MODIFIER|C1orf174|ENSG00000198912|ENST00000680169|protein_coding|ENST00000680169.1:c.-512-2565C>G||||||||,intron_variant&NMD_transcript_variant|MODIFIER|C1orf174|ENSG00000198912|ENST00000680279|nonsense_mediated_decay|ENST00000680279.1:c.16-2558C>G||||||||,intron_variant|MODIFIER|C1orf174|ENSG00000198912|ENST00000680535|protein_coding|ENST00000680535.1:c.16-2558C>G||||||||,intron_variant&NMD_transcript_variant|MODIFIER|C1orf174|ENSG00000198912|ENST00000681823|nonsense_mediated_decay|ENST00000681823.1:c.16-2558C>G||||||||,upstream_gene_variant|MODIFIER|LINC01134|ENSG00000236423|ENST00000686089|lncRNA|||YES||||||,upstream_gene_variant|MODIFIER|LINC01134|ENSG00000236423|ENST00000693306|lncRNA|||||||||,upstream_gene_variant|MODIFIER|LINC01134|ENSG00000236423|ENST00000757265|lncRNA|||||||||,upstream_gene_variant|MODIFIER|LINC01134|ENSG00000236423|ENST00000757266|lncRNA|||||||||,upstream_gene_variant|MODIFIER|LINC01134|ENSG00000236423|ENST00000757267|lncRNA|||||||||,upstream_gene_variant|MODIFIER|LINC01134|ENSG00000236423|ENST00000757268|lncRNA|||||||||,upstream_gene_variant|MODIFIER|LINC01134|ENSG00000236423|ENST00000757269|lncRNA|||||||||,upstream_gene_variant|MODIFIER|LINC01134|ENSG00000236423|ENST00000757270|lncRNA|||||||||,upstream_gene_variant|MODIFIER|LINC01134|ENSG00000236423|ENST00000757271|lncRNA|||||||||,upstream_gene_variant|MODIFIER|LINC01134|ENSG00000236423|ENST00000757272|lncRNA|||||||||,upstream_gene_variant|MODIFIER|LINC01134|ENSG00000236423|ENST00000757273|lncRNA|||||||||,upstream_gene_variant|MODIFIER|LINC01134|ENSG00000236423|ENST00000757274|lncRNA|||||||||,upstream_gene_variant|MODIFIER|LINC01134|ENSG00000236423|ENST00000757275|lncRNA|||||||||,upstream_gene_variant|MODIFIER|LINC01134|ENSG00000236423|ENST00000757277|lncRNA|||||||||,upstream_gene_variant|MODIFIER|LINC01134|ENSG00000236423|ENST00000757278|lncRNA|||||||||,upstream_gene_variant|MODIFIER|LINC01134|ENSG00000236423|ENST00000757279|lncRNA|||||||||,upstream_gene_variant|MODIFIER|LINC01134|ENSG00000236423|ENST00000757280|lncRNA|||||||||,upstream_gene_variant|MODIFIER|LINC01134|ENSG00000236423|ENST00000757282|lncRNA|||||||||	NA12878	0|1
1	3918539	.	T	C	downstream_gene_variant|MODIFIER|LINC01134|ENSG00000236423|ENST00000439488|lncRNA|||||||||,downstream_gene_variant|MODIFIER|LINC01134|ENSG00000236423|ENST00000442673|lncRNA|||||||||,downstream_gene_variant|MODIFIER|LINC01134|ENSG00000236423|ENST00000667408|lncRNA|||||||||,downstream_gene_variant|MODIFIER|LINC01134|ENSG00000236423|ENST00000686089|lncRNA|||YES||||||,downstream_gene_variant|MODIFIER|LINC01134|ENSG00000236423|ENST00000757265|lncRNA|||||||||,downstream_gene_variant|MODIFIER|LINC01134|ENSG00000236423|ENST00000757266|lncRNA|||||||||,downstream_gene_variant|MODIFIER|LINC01134|ENSG00000236423|ENST00000757267|lncRNA|||||||||,downstream_gene_variant|MODIFIER|LINC01134|ENSG00000236423|ENST00000757268|lncRNA|||||||||,downstream_gene_variant|MODIFIER|LINC01134|ENSG00000236423|ENST00000757269|lncRNA|||||||||,downstream_gene_variant|MODIFIER|LINC01134|ENSG00000236423|ENST00000757270|lncRNA|||||||||	NA19240	1|0
1	3943978	.	G	A	intron_variant&non_coding_transcript_variant|MODIFIER|LINC01346|ENSG00000233304|ENST00000412674|lncRNA|ENST00000412674.1:n.232+2835G>A||YES||||||,downstream_gene_variant|MODIFIER|LINC01345|ENSG00000226374|ENST00000425194|lncRNA|||||||||,intron_variant&non_coding_transcript_variant|MODIFIER|LINC01346|ENSG00000233304|ENST00000456897|lncRNA|ENST00000456897.6:n.363+2835G>A||||||||,downstream_gene_variant|MODIFIER|LINC01345|ENSG00000226374|ENST00000635127|lncRNA|||||||||,downstream_gene_variant|MODIFIER|LINC01345|ENSG00000226374|ENST00000635247|lncRNA|||YES||||||,intron_variant&non_coding_transcript_variant|MODIFIER|LINC01346|ENSG00000233304|ENST00000635619|lncRNA|ENST00000635619.1:n.285-1210G>A||||||||,upstream_gene_variant|MODIFIER|LINC01346|ENSG00000233304|ENST00000664502|lncRNA|||||||||,downstream_gene_variant|MODIFIER|LINC01345|ENSG00000226374|ENST00000671015|lncRNA|||||||||,upstream_gene_variant|MODIFIER|LINC01346|ENSG00000233304|ENST00000816721|lncRNA|||||||||,downstream_gene_variant|MODIFIER|LINC01346|ENSG00000233304|ENST00000816722|lncRNA|||||||||,downstream_gene_variant|MODIFIER|LINC01345|ENSG00000226374|ENST00000816877|lncRNA|||||||||	NA12878	1|0
1	4012703	.	A	C	non_coding_transcript_exon_variant|MODIFIER|LINC02780|ENSG00000284668|ENST00000642026|lncRNA|ENST00000642026.2:n.757A>C||||||||,downstream_gene_variant|MODIFIER||ENSG00000284703|ENST00000642139|lncRNA|||YES||||||,intron_variant&non_coding_transcript_variant|MODIFIER|LINC02780|ENSG00000284668|ENST00000742912|lncRNA|ENST00000742912.1:n.278+35601A>C||YES||||||,downstream_gene_variant|MODIFIER|LINC02780|ENSG00000284668|ENST00000742917|lncRNA|||||||||,downstream_gene_variant|MODIFIER|LINC02780|ENSG00000284668|ENST00000742918|lncRNA|||||||||,downstream_gene_variant|MODIFIER||ENSG00000284703|ENST00000743045|lncRNA|||||||||	NA12878	0|1
1	4037894	.	A	G	intron_variant&non_coding_transcript_variant|MODIFIER|LINC02780|ENSG00000284668|ENST00000742912|lncRNA|ENST00000742912.1:n.279-54899A>G||YES||||||,intron_variant&non_coding_transcript_variant|MODIFIER|LINC02780|ENSG00000284668|ENST00000742913|lncRNA|ENST00000742913.1:n.228+19955A>G||||||||,intron_variant&non_coding_transcript_variant|MODIFIER|LINC02780|ENSG00000284668|ENST00000742914|lncRNA|ENST00000742914.1:n.230+8852A>G||||||||,intron_variant&non_coding_transcript_variant|MODIFIER|LINC02780|ENSG00000284668|ENST00000742915|lncRNA|ENST00000742915.1:n.76+8852A>G||||||||,intron_variant&non_coding_transcript_variant|MODIFIER|LINC02780|ENSG00000284668|ENST00000742916|lncRNA|ENST00000742916.1:n.76+8852A>G||||||||	NA12878	0|1
1	4097997	.	A	T	downstream_gene_variant|MODIFIER|LINC02780|ENSG00000284668|ENST00000742912|lncRNA|||YES||||||,downstream_gene_variant|MODIFIER|LINC02780|ENSG00000284668|ENST00000742913|lncRNA|||||||||,downstream_gene_variant|MODIFIER|LINC02780|ENSG00000284668|ENST00000742914|lncRNA|||||||||,downstream_gene_variant|MODIFIER|LINC02780|ENSG00000284668|ENST00000742915|lncRNA|||||||||,downstream_gene_variant|MODIFIER|LINC02780|ENSG00000284668|ENST00000742916|lncRNA|||||||||	NA12878	1|0
1	4099458	.	C	T	intergenic_variant|MODIFIER|||||||||||||	NA12878	0|1
1	4099523	.	G	A	intergenic_variant|MODIFIER|||||||||||||	NA19240	0|1
1	4099528	.	C	T	intergenic_variant|MODIFIER|||||||||||||	NA19240	0|1
1	4152104	.	C	T	intergenic_variant|MODIFIER|||||||||||||	NA12878	1|0
1	4184051	.	G	A	intergenic_variant|MODIFIER|||||||||||||	NA12878	0|1
1	4215054	.	C	A	intergenic_variant|MODIFIER|||||||||||||	NA12878	0|1
1	4237976	.	G	A	intergenic_variant|MODIFIER|||||||||||||	NA12878	0|1
1	4240087	.	G	A	intergenic_variant|MODIFIER|||||||||||||	NA12878	1|0
1	4242101	.	G	A	intergenic_variant|MODIFIER|||||||||||||	NA12878	1|0
1	4302989	.	G	A	intergenic_variant|MODIFIER|||||||||||||	NA12878	0|1
1	4318424	.	T	C	intron_variant&non_coding_transcript_variant|MODIFIER||ENSG00000302287|ENST00000785550|lncRNA|ENST00000785550.1:n.196-191A>G||YES||||||,intron_variant&non_coding_transcript_variant|MODIFIER||ENSG00000302287|ENST00000785551|lncRNA|ENST00000785551.1:n.195-208A>G||||||||	NA19240	1|0
1	4349192	.	A	C	intergenic_variant|MODIFIER|||||||||||||	NA12878	0|1
1	4354608	.	T	C	intergenic_variant|MODIFIER|||||||||||||	NA12878	1|0
1	4356412	.	T	G	intergenic_variant|MODIFIER|||||||||||||	NA12878	1|0
1	4356414	.	C	G	intergenic_variant|MODIFIER|||||||||||||	NA12878	1|0
1	4365195	.	T	G	intergenic_variant|MODIFIER|||||||||||||	NA12878	1|0
1	4368111	.	G	A	intergenic_variant|MODIFIER|||||||||||||	NA12878	0|1
1	4398515	.	CGTGTGTGTGTGTGTGT	C	intergenic_variant|MODIFIER|||||||||||||	NA19240	0|1
1	4403605	.	G	A	intergenic_variant|MODIFIER|||||||||||||	NA12878	0|1
1	4423343	.	T	C	splice_region_variant&splice_polypyrimidine_tract_variant&intron_variant&non_coding_transcript_variant|LOW|LINC01777|ENSG00000235054|ENST00000423197|lncRNA|ENST00000423197.2:n.1283-5T>C||||||||,splice_region_variant&splice_polypyrimidine_tract_variant&intron_variant&non_coding_transcript_variant|LOW|LINC01777|ENSG00000235054|ENST00000635002|lncRNA|ENST00000635002.1:n.596-5T>C||YES||||||,splice_region_variant&splice_polypyrimidine_tract_variant&intron_variant&non_coding_transcript_variant|LOW|LINC01777|ENSG00000235054|ENST00000635312|lncRNA|ENST00000635312.2:n.715-5T>C||||||||,splice_region_variant&splice_polypyrimidine_tract_variant&intron_variant&non_coding_transcript_variant|LOW|LINC01777|ENSG00000235054|ENST00000635642|lncRNA|ENST00000635642.1:n.551-5T>C||||||||,splice_region_variant&splice_polypyrimidine_tract_variant&intron_variant&non_coding_transcript_variant|LOW|LINC01777|ENSG00000235054|ENST00000659315|lncRNA|ENST00000659315.1:n.796-5T>C||||||||,intron_variant&non_coding_transcript_variant|MODIFIER|LINC01777|ENSG00000235054|ENST00000667352|lncRNA|ENST00000667352.2:n.760+156T>C||||||||,splice_region_variant&splice_polypyrimidine_tract_variant&intron_variant&non_coding_transcript_variant|LOW|LINC01777|ENSG00000235054|ENST00000668086|lncRNA|ENST00000668086.1:n.811-5T>C||||||||,splice_region_variant&splice_polypyrimidine_tract_variant&intron_variant&non_coding_transcript_variant|LOW|LINC01777|ENSG00000235054|ENST00000669931|lncRNA|ENST00000669931.1:n.1009-5T>C||||||||	NA12878	0|1
1	4452021	.	A	G	intergenic_variant|MODIFIER|||||||||||||	NA12878	0|1
1	4464216	.	C	G	upstream_gene_variant|MODIFIER||ENSG00000306535|ENST00000819253|lncRNA|||YES||||||	NA12878	0|1
1	4489175	.	G	T	upstream_gene_variant|MODIFIER||ENSG00000284694|ENST00000641472|lncRNA|||YES||||||	NA12878	0|1
1	4489803	.	G	A	intergenic_variant|MODIFIER|||||||||||||	NA12878	1|0
1	4494694	.	A	C	downstream_gene_variant|MODIFIER||ENSG00000299517|ENST00000764213|lncRNA|||YES||||||	NA12878	0|1
1	4506619	.	G	C	intergenic_variant|MODIFIER|||||||||||||	NA12878	0|1
1	4515363	.	G	A	intergenic_variant|MODIFIER|||||||||||||	NA12878	1|0
1	4522773	.	C	A	intergenic_variant|MODIFIER|||||||||||||	NA12878	0|1
1	4522925	.	A	C	intergenic_variant|MODIFIER|||||||||||||	NA19240	1|0
1	4522928	.	A	C	intergenic_variant|MODIFIER|||||||||||||	NA19240	1|0
1	4537658	.	G	A	intergenic_variant|MODIFIER|||||||||||||	NA12878	0|1
1	4542757	.	A	G	intergenic_variant|MODIFIER|||||||||||||	NA12878	1|0
1	4543696	.	T	C	intergenic_variant|MODIFIER|||||||||||||	NA12878	1|0
1	4543719	.	A	C	intergenic_variant|MODIFIER|||||||||||||	NA12878	1|0
1	4553077	.	G	C	upstream_gene_variant|MODIFIER||ENSG00000227169|ENST00000438791|lncRNA|||YES||||||,downstream_gene_variant|MODIFIER||ENSG00000295490|ENST00000730455|lncRNA|||YES||||||	NA12878	1|0
1	4555695	.	C	A	upstream_gene_variant|MODIFIER||ENSG00000227169|ENST00000438791|lncRNA|||YES||||||,downstream_gene_variant|MODIFIER||ENSG00000295490|ENST00000730455|lncRNA|||YES||||||	NA12878	0|1
1	4565855	.	C	T	intergenic_variant|MODIFIER|||||||||||||	NA12878	1|0
1	4592732	.	G	A	intron_variant&non_coding_transcript_variant|MODIFIER|LINC01646|ENSG00000232596|ENST00000634256|lncRNA|ENST00000634256.1:n.150-320G>A||YES||||||,intron_variant&non_coding_transcript_variant|MODIFIER|LINC01646|ENSG00000232596|ENST00000659059|lncRNA|ENST00000659059.1:n.241-320G>A||||||||,intron_variant&non_coding_transcript_variant|MODIFIER|LINC01646|ENSG00000232596|ENST00000659083|lncRNA|ENST00000659083.1:n.256-320G>A||||||||,intron_variant&non_coding_transcript_variant|MODIFIER|LINC01646|ENSG00000232596|ENST00000666685|lncRNA|ENST00000666685.1:n.132-320G>A||||||||,intron_variant&non_coding_transcript_variant|MODIFIER|LINC01646|ENSG00000232596|ENST00000667354|lncRNA|ENST00000667354.1:n.265-320G>A||||||||	NA19240	1|0
1	4598294	.	A	T	downstream_gene_variant|MODIFIER|LINC01646|ENSG00000232596|ENST00000634256|lncRNA|||YES||||||,downstream_gene_variant|MODIFIER|LINC01646|ENSG00000232596|ENST00000659059|lncRNA|||||||||,downstream_gene_variant|MODIFIER|LINC01646|ENSG00000232596|ENST00000659083|lncRNA|||||||||,downstream_gene_variant|MODIFIER|LINC01646|ENSG00000232596|ENST00000666685|lncRNA|||||||||,downstream_gene_variant|MODIFIER|LINC01646|ENSG00000232596|ENST00000667354|lncRNA|||||||||	NA12878	0|1
1	4614378	.	G	GA	intron_variant&non_coding_transcript_variant|MODIFIER||ENSG00000300565|ENST00000772748|lncRNA|ENST00000772748.1:n.482+6335_482+6336insA||YES||||||,intron_variant&non_coding_transcript_variant|MODIFIER||ENSG00000300565|ENST00000772749|lncRNA|ENST00000772749.1:n.481-3110_481-3109insA||||||||,intron_variant&non_coding_transcript_variant|MODIFIER||ENSG00000300565|ENST00000772750|lncRNA|ENST00000772750.1:n.483-3110_483-3109insA||||||||	NA12878	0|1
1	4620720	.	T	A	intron_variant&non_coding_transcript_variant|MODIFIER||ENSG00000300565|ENST00000772748|lncRNA|ENST00000772748.1:n.483-1170T>A||YES||||||,intron_variant&non_coding_transcript_variant|MODIFIER||ENSG00000300565|ENST00000772749|lncRNA|ENST00000772749.1:n.561-1170T>A||||||||,downstream_gene_variant|MODIFIER||ENSG00000300565|ENST00000772750|lncRNA|||||||||	NA12878	1|0
1	4678425	.	G	A	intron_variant|MODIFIER|AJAP1|ENSG00000196581|ENST00000378190|protein_coding|ENST00000378190.7:c.29+22971G>A||||||||,intron_variant|MODIFIER|AJAP1|ENSG00000196581|ENST00000378191|protein_coding|ENST00000378191.5:c.29+22971G>A||YES||||||,intron_variant|MODIFIER|AJAP1|ENSG00000196581|ENST00000880749|protein_coding|ENST00000880749.1:c.29+22971G>A||||||||	NA12878	0|1
1	4748757	.	A	G	intron_variant|MODIFIER|AJAP1|ENSG00000196581|ENST00000378190|protein_coding|ENST00000378190.7:c.830-21096A>G||||||||,intron_variant|MODIFIER|AJAP1|ENSG00000196581|ENST00000378191|protein_coding|ENST00000378191.5:c.830-21096A>G||YES||||||,intron_variant|MODIFIER|AJAP1|ENSG00000196581|ENST00000880749|protein_coding|ENST00000880749.1:c.830-21096A>G||||||||	NA19240	0|1
1	4760280	.	T	A	intron_variant|MODIFIER|AJAP1|ENSG00000196581|ENST00000378190|protein_coding|ENST00000378190.7:c.830-9573T>A||||||||,intron_variant|MODIFIER|AJAP1|ENSG00000196581|ENST00000378191|protein_coding|ENST00000378191.5:c.830-9573T>A||YES||||||,intron_variant|MODIFIER|AJAP1|ENSG00000196581|ENST00000880749|protein_coding|ENST00000880749.1:c.830-9573T>A||||||||	NA12878	0|1
